Competitive Bid Service Area ID,Competitive Bid Service Area Name,Company Name,DBA Name,Address,Address 2,City,State,Zip,Zip Plus 4,Phone,Toll-Free Telephone,Product Category Name,Competitive Bid
,,CHOICE MEDICAL SUPPLY INC,CHOICE MEDICAL SUPPLY INC,17 WINDMILL CIR,,ABILENE,TX,79606,,(325)677-2250,,Automatic External Defibrillators (AEDS),N
,,CHOICE MEDICAL SUPPLY INC,CHOICE MEDICAL SUPPLY INC,101 S PARK DR,STE D,BROWNWOOD,TX,76801,,(325)641-2422,,Automatic External Defibrillators (AEDS),N
,,CHOICE MEDICAL SUPPLY INC,CHOICE MEDICAL SUPPLY INC,111 AVENUE N,,MARBLE FALLS,TX,78654,,(830)798-9248,,Automatic External Defibrillators (AEDS),N
,,K & S DRUG & SURGICAL INC,K&S DRUG & SURGICAL INC,266 COLUMBIA AVE,,FORT LEE,NJ,07024,,(201)886-9191,,Automatic External Defibrillators (AEDS),N
,,"CAROLINA HOME MEDICAL, INC",CAROLINA HOME MEDICAL,601-C NORTH 8TH STREET,,SMITHFIELD,NC,27577,,(919)938-3090,,Automatic External Defibrillators (AEDS),N
,,ESJAY PHARMACY CORP,ESJAY PHARMACY CORP,556 GRAND STREET,,BROOKLYN,NY,11211,,(718)384-7901,,Automatic External Defibrillators (AEDS),N
,,SKORO ENTERPRISES LLC,XMED OXYGEN & MEDICAL EQUIPMENT,804 SUMMER PARK DR,STE 400,STAFFORD,TX,77477,,(281)969-8800,,Automatic External Defibrillators (AEDS),N
,,MEDICAL NECESSITIES & SERVICES LLC,"MEDICAL NECESSITIES & SERVICES, LLC",1410 N MOUNT JULIET RD,STE 101,MOUNT JULIET,TN,37122,,(615)997-0861,,Automatic External Defibrillators (AEDS),N
,,WHITE COUNTY MEDICAL CENTER,WHITE COUNTY MEDICAL CENTER,2505 W BEEBE CAPPS EXPY,STE 102,SEARCY,AR,72143,,(501)380-4570,,Automatic External Defibrillators (AEDS),N
,,"DASCO-MAJOR HOME MEDICAL EQUIPMENT, LLC",DASCO HOME MEDICAL EQUPMENT,245 NORTHRIDGE DR,STE F,SHELBYVILLE,IN,46176,,(317)392-3760,,Automatic External Defibrillators (AEDS),N
,,CARELINC MEDICAL EQUIPMENT & SUPPLY CO LLC,CARELINC MEDICAL EQUIPMENT & SUPPLY,3125 28TH ST SW,,GRANDVILLE,MI,49418,,(616)249-2273,,Automatic External Defibrillators (AEDS),N
,,CARELINC MEDICAL EQUIPMENT & SUPPLY CO LLC,CARELINC MEDICAL EQUIPMENT & SUPPLY,124 W UPTON AVE,,REED CITY,MI,49677,,(231)832-4565,,Automatic External Defibrillators (AEDS),N
,,CARELINC MEDICAL EQUIPMENT & SUPPLY CO LLC,CARELINC MEDICAL EQUIPMENT & SUPPLY,1605 HASLETT RD,,HASLETT,MI,48840,,(517)485-9588,,Automatic External Defibrillators (AEDS),N
,,CARELINC MEDICAL EQUIPMENT & SUPPLY CO LLC,CARELINC MEDICAL EQUIPMENT & SUPPLY,919 W WASHINGTON ST,,GREENVILLE,MI,48838,,(616)754-3497,,Automatic External Defibrillators (AEDS),N
,,CARELINC MEDICAL EQUIPMENT & SUPPLY CO LLC,CARELINC MEDICAL EQUIPMENT & SUPPLY,84 DIVISION ST,,MANISTEE,MI,49660,,(231)723-5897,,Automatic External Defibrillators (AEDS),N
,,CARELINC MEDICAL EQUIPMENT & SUPPLY CO LLC,CARELINC MEDICAL EQUIPMENT & SUPPLY,7017 S WESTNEDGE AVE,,PORTAGE,MI,49002,,(269)329-1422,,Automatic External Defibrillators (AEDS),N
,,CARELINC MEDICAL EQUIPMENT & SUPPLY CO LLC,CARELINC MEDICAL EQUIPMENT & SUPPLY,3228 W CARLETON RD,,HILLSDALE,MI,49242,,(517)437-3226,,Automatic External Defibrillators (AEDS),N
,,CARELINC MEDICAL EQUIPMENT & SUPPLY CO LLC,CARELINC MEDICAL EQUIPMENT & SUPPLY,1250 PERRY AVE,STE D,BIG RAPIDS,MI,49307,,(231)796-6623,,Automatic External Defibrillators (AEDS),N
,,CARELINC MEDICAL EQUIPMENT & SUPPLY CO LLC,CARELINC MEDICAL EQUIPMENT & SUPPLY,725 W STATE ST,,HASTINGS,MI,49058,,(269)945-1686,,Automatic External Defibrillators (AEDS),N
,,CARELINC MEDICAL EQUIPMENT & SUPPLY CO LLC,CARELINC MEDICAL EQUIPMENT & SUPPLY,5750 W US HIGHWAY 10,,LUDINGTON,MI,49431,,(231)843-1063,,Automatic External Defibrillators (AEDS),N
,,CARELINC MEDICAL EQUIPMENT & SUPPLY CO LLC,CARELINE MEDICAL EQUIPMENT & SUPPLY,89 54TH ST SW,,GRAND RAPIDS,MI,49548,,(616)249-2273,,Automatic External Defibrillators (AEDS),N
,,CARELINC MEDICAL EQUIPMENT & SUPPLY CO LLC,CARELINC MEDICAL EQUIPMENT& SUPPLY,205 BELL AVE,,CADILLAC,MI,49601,,(231)775-7143,,Automatic External Defibrillators (AEDS),N
,,CARELINC MEDICAL EQUIPMENT & SUPPLY CO LLC,CARELINC MEDICAL EQUIPMENT & SUPPLY,606 E MICHIGAN AVE,,JACKSON,MI,49201,,(517)789-9257,,Automatic External Defibrillators (AEDS),N
,,CARELINC MEDICAL EQUIPMENT & SUPPLY CO LLC,CARELINC MEDICAL EQUIPMENT & SUPPLY,693 E LAKEWOOD BLVD,,HOLLAND,MI,49424,,(616)392-2033,,Automatic External Defibrillators (AEDS),N
,,CARELINC MEDICAL EQUIPMENT & SUPPLY CO LLC,CARELINC MEDICAL EQUIPMENT & SUPPLY,109 PLAZA DR,STE A,WEST BRANCH,MI,48661,,(989)345-7090,,Automatic External Defibrillators (AEDS),N
,,CARELINC MEDICAL EQUIPMENT & SUPPLY CO LLC,CARELINC MEDICAL EQUIPMENT & SUPPLY,218 ENTERPRISE DR,,THREE RIVERS,MI,49093,,(269)273-5500,,Automatic External Defibrillators (AEDS),N
,,CARELINC MEDICAL EQUIPMENT & SUPPLY CO LLC,CARELINC MEDICAL EQUIPMENT & SUPPLY,1511 E CHICAGO RD,,STURGIS,MI,49091,,(269)651-3266,,Automatic External Defibrillators (AEDS),N
,,CARELINC MEDICAL EQUIPMENT & SUPPLY CO LLC,CARELINC MEDICAL EQUIPMENT & SUPPLY,1071 S BEACON BLVD,,GRAND HAVEN,MI,49417,,(616)846-0360,,Automatic External Defibrillators (AEDS),N
,,CARELINC MEDICAL EQUIPMENT & SUPPLY CO LLC,CARELINC MEDICAL EQUIPMENT & SUPPLY,2800 E HOLLAND AVE,,SAGINAW,MI,48601,,(989)746-7370,,Automatic External Defibrillators (AEDS),N
,,CARELINC MEDICAL EQUIPMENT & SUPPLY CO LLC,CARELINC MEDICAL EQUIPMENT & SUPPLY,3820 PLAZA DR,STE 1,ANN ARBOR,MI,48108,,(734)882-4390,,Automatic External Defibrillators (AEDS),N
,,CARELINC MEDICAL EQUIPMENT & SUPPLY CO LLC,CARELINC MEDICAL EQUIPMENT & SUPPLY,32345 HOWARD AVE,,MADISON HEIGHTS,MI,48071,,(248)268-6410,,Automatic External Defibrillators (AEDS),N
,,SIMPSON'S PHARMACY,SIMPSON'S PHARMACY INC,10 NEWPORT AVE,,PAWTUCKET,RI,02861,,(401)722-7600,,Automatic External Defibrillators (AEDS),N
,,M&J MEDICAL SUPPLY,M & J MEDICAL SUPPLY LLC,1034 W MAIN ST,,RAVENNA,OH,44266,,(330)297-9450,,Automatic External Defibrillators (AEDS),N
,,UNITYPOINT AT HOME,UNITYPOINT AT HOME,2180 BELTLINE HWY,,MADISON,WI,53713,,(608)417-3700,,Automatic External Defibrillators (AEDS),N
,,BETTER LIVING NOW INC,"BETTER LIVING NOW, INC",185 OSER AVE,,HAUPPAUGE,NY,11788,,(800)854-5729,,Automatic External Defibrillators (AEDS),N
,,PROSOURCE MEDICAL EQUIPMENT AND SUPPLIES,PROSOURCE MEDICAL EQUIP AND SUPPLIE,6801S EASTERN AVE,,OKLAHOMA CITY,OK,73149,,(405)691-3237,,Automatic External Defibrillators (AEDS),N
,,"1ST CHOICE IN-HOMECARE, INC.",1ST CHOICE IN-HOMECARE INC,1035 CHAMPIONS WAY,STE 200,SUFFOLK,VA,23435,,(757)496-2030,,Automatic External Defibrillators (AEDS),N
,,"1ST CHOICE IN-HOMECARE, INC.",1ST CHOICE IN-HOMECARE INC,161A JOHN JEFFERSON RD,STE 101,WILLIAMSBURG,VA,23185,,(757)496-2030,,Automatic External Defibrillators (AEDS),N
,,CHARLES DERON LEWIS,RELIABLE HEALTHCARE,310 N ADAMS ST,,CARTHAGE,TX,75633,,(903)694-2285,,Automatic External Defibrillators (AEDS),N
,,NOB HILL GENERAL STORE INC,NOB HILL #605,1700 AIRLINE HWY,,HOLLISTER,CA,95023,,(831)637-7425,,Automatic External Defibrillators (AEDS),N
,,NOB HILL GENERAL STORE INC,NOB HILL PHARMACY #628,270 REDWOOD SHORES PKWY,,REDWOOD CITY,CA,94065,,(650)631-1685,,Automatic External Defibrillators (AEDS),N
,,NOB HILL GENERAL STORE INC,NOB HILL PHARMACY #602,777 FIRST STREET,,GILROY,CA,95020,,(408)847-6777,,Automatic External Defibrillators (AEDS),N
,,NOB HILL GENERAL STORE INC,NOB HILL #607,1320 S MAIN ST,,SALINAS,CA,93901,,(831)759-2163,,Automatic External Defibrillators (AEDS),N
,,NOB HILL GENERAL STORE INC,NOB HILL PHARMACY #635,6061 SNELL AVE,,SAN JOSE,CA,95123,,(408)224-6200,,Automatic External Defibrillators (AEDS),N
,,KENNETH SAMUEL GLOVER II,KEN GLOVER DRUG,27 MIDWAY PLAZA,,DORA,AL,35062,,(205)648-9918,,Automatic External Defibrillators (AEDS),N
,,AMERICAN MEDICAL PRODUCTS,AMERICAN MEDICAL PRODUCTS,857 TRISTAR DR,STE A,WEBSTER,TX,77598,,(281)286-2224,,Automatic External Defibrillators (AEDS),N
,,"ADVANCED CARE HOME MEDICAL & OXYGEN, INC.",ADVANCED CARE HOME MEDICAL & OXYGEN,6182 S STRATLER STREET,,MURRAY,UT,84107,,(801)859-6994,,Automatic External Defibrillators (AEDS),N
,,"NIELSEN AND CYMENT, INC.","NIELSEN AND CYMENT, INC",2403 W HUNTINGTON DR,STE 100,TEMPE,AZ,85282,,(480)675-9122,,Automatic External Defibrillators (AEDS),N
,,DOC BROWNS INC,DOC BROWNS INC,2093 WANTAGH AVE,,WANTAGH,NY,11793,,(516)781-7332,,Automatic External Defibrillators (AEDS),N
,,BEL AIR MARKET INC,BEL AIR 514,7465 RUSH RIVER DR,,SACRAMENTO,CA,95831,,(916)399-9060,,Automatic External Defibrillators (AEDS),N
,,BEL AIR MARKET INC,BEL AIR PHARMACY #515,3510 PALMER DR,,CAMERON PARK,CA,95682,,(530)676-4833,,Automatic External Defibrillators (AEDS),N
,,BEL AIR MARKET INC,BEL AIR #521,1286 STABLER LN,,YUBA CITY,CA,95993,,(530)755-9917,,Automatic External Defibrillators (AEDS),N
,,BEL AIR MARKET INC,BEL AIR MARKET INC #502,4320 ARDEN WAY,,SACRAMENTO,CA,95864,,(916)972-7028,,Automatic External Defibrillators (AEDS),N
,,BEL AIR MARKET INC,BEL AIR #516,5100 LAGUNA BLVD,,ELK GROVE,CA,95758,,(916)684-7007,,Automatic External Defibrillators (AEDS),N
,,BEL AIR MARKET INC,BEL AIR #523,8425 ELK GROVE FLORIN RD,,ELK GROVE,CA,95624,,(916)681-5790,,Automatic External Defibrillators (AEDS),N
,,BEL AIR MARKET INC,BEL AIR #510,1540 W EL CAMINO AVE,,SACRAMENTO,CA,95833,,(916)920-3558,,Automatic External Defibrillators (AEDS),N
,,BEL AIR MARKET INC,BEL AIR PHARMACY #512,4008 FOOTHILLS BLVD,,ROSEVILLE,CA,95747,,(916)783-1174,,Automatic External Defibrillators (AEDS),N
,,BEL AIR MARKET INC,BEL AIR 519,7901 WALERGA RD,,ANTELOPE,CA,95843,,(916)725-6940,,Automatic External Defibrillators (AEDS),N
,,BEL AIR MARKET INC,BEL AIR MARKET INC #528,3250 ARENA BLVD,,SACRAMENTO,CA,95834,,(916)419-4442,,Automatic External Defibrillators (AEDS),N
,,SAINT ELIZABETH REGIONAL MEDICAL CENTER,SAINT ELIZABETH HOME MEDICAL EQUIPM,EAST PARK PLAZA,"200 NORTH 66TH ST, SUITE 17",LINCOLN,NE,68505,,(402)464-8755,,Automatic External Defibrillators (AEDS),N
,,BRIGHT MEDICAL TECHNOLOGY INC,BRIGHT MEDICAL TECHNOLOGY INC,2020 NAPFLE ST,,PHILADELPHIA,PA,19152,,(215)725-6337,,Automatic External Defibrillators (AEDS),N
,,K. DIAMOND PHARMACY INC.,DERMER PHARMACY AND SURGICAL,2064 FLATBUSH AVE,,BROOKLYN,NY,11234,,(917)806-4067,,Automatic External Defibrillators (AEDS),N
,,HOCKS PHARMACY INC,HOCKS MEDICAL SUPPLY,732 W NATIONAL RD,,VANDALIA,OH,45377,,(937)898-5803,,Automatic External Defibrillators (AEDS),N
,,SONOMA SURGICAL A CORP,SONOMA SURGICAL A CORP,4975 SONOMA HWY,,SANTA ROSA,CA,95409,,(707)539-5151,,Automatic External Defibrillators (AEDS),N
,,"HUFFMAN MEDICAL, INC.",HUFFMAN MEDICAL INC,2260 HARRINGTON HWY,,EDEN,NC,27288,,(336)627-0750,,Automatic External Defibrillators (AEDS),N
,,SUN COUNTRY MEDICAL EQUIPMENT INC,"SUN COUNTRY MEDICAL EQUIPMENT, INC",2019 E MISSOURI AVE,,EL PASO,TX,79903,,(915)592-4346,,Automatic External Defibrillators (AEDS),N
,,DUSARA CORPORATION,UNIVERSALMED SUPPLY,1329 W WALNUT HILL LN,STE 100,IRVING,TX,75038,,(972)228-1820,,Automatic External Defibrillators (AEDS),N
,,DUSARA CORPORATION,UNIVERSALMED SUPPLY,161 CITATION CT,STE 105,BIRMINGHAM,AL,35209,,(205)206-5600,,Automatic External Defibrillators (AEDS),N
,,CHERISH DRUGS INC,CHERISH DRUGS INC,700 E JERSEY ST,,ELIZABETH,NJ,07201,,(908)354-2060,,Automatic External Defibrillators (AEDS),N
,,GRACE MEDICAL INC,"GRACE MEDICAL, INC.",3103 N 12TH AVE,,PENSACOLA,FL,32503,,(850)476-0038,,Automatic External Defibrillators (AEDS),N
,,AEROCARE HOME MEDICAL INC,AEROCARE HOME MEDICAL INC.,3609 MEMORIAL PKWY SW,STE A2,HUNTSVILLE,AL,35801,,(256)469-3900,,Automatic External Defibrillators (AEDS),N
,,AEROCARE HOME MEDICAL INC,"AEROCARE HOME MEDICAL, INC.",6555 U S HIGHWAY 98,STE 5B,HATTIESBURG,MS,39402,,(601)450-4612,,Automatic External Defibrillators (AEDS),N
,,"ADIRONDACK APOTHECARY, LLC",SCHROON LAKE PHARMACY,1081 MAIN ST,,SCHROON LAKE,NY,12870,,(518)532-7575,,Automatic External Defibrillators (AEDS),N
,,"ADIRONDACK APOTHECARY, LLC",WILLSBORO PHARMACY,3932 NYS ROUTE 22,,WILLSBORO,NY,12996,,(518)963-8946,,Automatic External Defibrillators (AEDS),N
,,"ADIRONDACK APOTHECARY, LLC",MORIAH PHARMACY,4315 MAIN ST,,PORT HENRY,NY,12974,,(518)546-7244,,Automatic External Defibrillators (AEDS),N
,,DMEDICUS LLC,DMEDICUS LLC,1101 RIDGE RD,STE 201,ROCKWALL,TX,75087,,(469)698-0250,,Automatic External Defibrillators (AEDS),N
,,TAYLOR DRUG LLC,TAYLORS PHARMACY,123 MADISON AVE,,LAKEWOOD,NJ,08701,,(732)363-0144,,Automatic External Defibrillators (AEDS),N
,,MAAG PRESCRIPTION CENTER L.L.C.,MAAG PRESCRIPTION CENTER LLC,333 W CENTER ST,,POCATELLO,ID,83204,,(208)233-2063,,Automatic External Defibrillators (AEDS),N
,,GRACE HEALTHCARE INC,GRACE HEALTHCARE,6200 WASHINGTON AVE,,OCEAN SPRINGS,MS,39564,,(228)396-3332,,Automatic External Defibrillators (AEDS),N
,,"KTL&C, LLC",RX POSITIVE MEDICAL SUPPLY,1845W 25TH ST,,YUMA,AZ,85364,,(928)344-9301,,Automatic External Defibrillators (AEDS),N
,,"MAX MEDICAL SPECIALTIES, INC",MAX MEDICAL SPECIALTIES,116 HERITAGE PLACE DR,,JONESBOROUGH,TN,37659,,(423)913-0220,,Automatic External Defibrillators (AEDS),N
,,COMMUNITY HEALTH SYSTEMS INC,"COMMUNITY HEALTH SYSTEMS, INC.",252 RURAL ACRES DR,,BECKLEY,WV,25801,,(304)255-6800,,Automatic External Defibrillators (AEDS),N
,,GUTHRIE MEDICAL GROUP PC,GUTHRIE MEDICAL GROUP PC,1 GUTHRIE SQ,,SAYRE,PA,18840,,(570)888-5858,,Automatic External Defibrillators (AEDS),N
,,COMMUNITY MEMORIAL HEALTHCARE INC,COMMUNITY MEMORIAL MEMORIAL HEALTHC,805 BROADWAY ST,,MARYSVILLE,KS,66508,,(785)562-2858,,Automatic External Defibrillators (AEDS),N
,,"MEDICAL PRODUCTS GROUP, LLC",FAMILY HOME MEDICAL EQUIPMENT,214 E GENEVA RD,,WHEATON,IL,60187,,(630)462-6770,,Automatic External Defibrillators (AEDS),N
,,"MEDICAL PRODUCTS GROUP, LLC",FAMILY HOME MEDICAL EQUIPMENT,641 PALMYRA RD,,DIXON,IL,61021,,(815)284-9771,,Automatic External Defibrillators (AEDS),N
,,MINDEN HOMECARE EQUIPMENT & UNIFORMS,MINDEN HOMECARE EQUIPMENT & UNIFORM,106 RYANS WAY,,MINDEN,LA,71055,,(318)382-8500,,Automatic External Defibrillators (AEDS),N
,,A1 MEDICAL SUPPLIES INC,A1 MEDICAL SUPPLIES INC,7356 LAKE WORTH RD,,LAKE WORTH,FL,33467,,(561)615-1819,,Automatic External Defibrillators (AEDS),N
,,KOHLER HOMECARE PHARMACY INC,"WEBB-KOHLER PHARMACY, HME AND SUPPL",2204 PARK SPRINGS BLVD,SUITE A,ARLINGTON,TX,76013,,(817)861-4631,,Automatic External Defibrillators (AEDS),N
,,"QUALIMED RESPIRATORY AND MOBILITY, INC.",QUALIMED RESPIRATORY & MOBILITY INC,704 3RD ST SW,,WINTER HAVEN,FL,33880,,(863)293-3066,,Automatic External Defibrillators (AEDS),N
,,"O'BRIAN HEALTHCARE, INC",OBRIAN HEALTHCARE INC,1534 MALVERN AVE,STE D,HOT SPRINGS NATIONAL,AR,71901,,(501)321-9461,,Automatic External Defibrillators (AEDS),N
,,"O'BRIAN HEALTHCARE, INC",O'BRIAN HEALTHCARE INC,4318 W MARKHAM ST,STE 2,LITTLE ROCK,AR,72205,,(501)570-0461,,Automatic External Defibrillators (AEDS),N
,,ASHLI HEALTHCARE INC,"ASHLI HEALTHCARE, INC",2201 ZEUS COURT,,BAKERSFIELD,CA,93308,,(888)831-7977,,Automatic External Defibrillators (AEDS),N
,,ASHLI HEALTHCARE INC,ASHLI HEALTHCARE INC,323 WEST CROMWELL AVENUE,SUITE 117,FRESNO,CA,93711,,(888)831-7977,,Automatic External Defibrillators (AEDS),N
,,ASHLI HEALTHCARE INC,ASHLI HEALTHCARE INC,9484 CHESAPEAKE DR,SUITE 807,SAN DIEGO,CA,92123,,(888)831-7977,,Automatic External Defibrillators (AEDS),N
,,DUTTA LLC,HEALTHMED PHARMACY,1839 CENTRAL AVE,,SAINT PETERSBURG,FL,33713,,(727)894-3001,,Automatic External Defibrillators (AEDS),N
,,AVICURE PHARMACY INC,NEW LIFE PHARMACY,1722 DESIRE AVE 103,,ROWLAND HEIGHTS,CA,91748,,(626)839-3000,,Automatic External Defibrillators (AEDS),N
,,CARE MEDICAL ATLANTA LLC,CARE MEDICAL ATLANTA,3145C GATEWAY DR,STE 301,PEACHTREE CORNERS,GA,30071,,(770)497-9092,,Automatic External Defibrillators (AEDS),N
,,DASCO-UNION HOSPITAL HOME MEDICAL EQUIPMENT,DASCO HOME MEDICAL EQUIPMENT,101 HOSPITAL DR,STE B,DOVER,OH,44622,,(330)602-2400,,Automatic External Defibrillators (AEDS),N
,,HOBOKEN DRUGS,HOBOKEN FAMILY PHARMACY,307 1ST ST,,HOBOKEN,NJ,07030,,(201)420-7777,,Automatic External Defibrillators (AEDS),N
,,"EXPRESS MEDICAL SUPPLY, INC","EXPRESS MEDICAL SUPPLY, INC",1801 SAINT ALBANS DR,STE G,RALEIGH,NC,27609,,(919)876-4949,,Automatic External Defibrillators (AEDS),N
,,MEDICAL DECISION LLC,MEDICAL DECISION SERVICES,2890 W STATE RD 84,STE 102,FORT LAUDERDALE,FL,33312,,(954)772-1631,,Automatic External Defibrillators (AEDS),N
,,NORTH CENTRAL MEDICAL SUPPLY INC,NORTH CENTRAL MEDICAL SUPPLY INC,314 CHARLES ST,,BRAINERD,MN,56401,,(218)825-7331,,Automatic External Defibrillators (AEDS),N
,,A 1 DME LLC,A-1 DISCOUNT PHARMACY,1322 W THOMAS STREET,,HAMMOND,LA,70401,,(985)345-5044,,Automatic External Defibrillators (AEDS),N
,,SHASKA PHARMACY LLC,SHASKA PHARMACY LLC,37672 PROFESSIONAL CENTER DR,STE 130B,LIVONIA,MI,48154,,(734)432-2015,,Automatic External Defibrillators (AEDS),N
,,STATE MEDICAL EQUIPMENT LIMITED LIABILITY COMPANY,STATE MEDICAL EQUIPMENT LIMITED LIA,3950 E SUNSET RD,STE 112,LAS VEGAS,NV,89120,,(702)538-9555,,Automatic External Defibrillators (AEDS),N
,,RAPID REHAB LLC,RAPID REHAB LLC,2660 8TH ST S,STE 101,WISCONSIN RAPIDS,WI,54494,,(715)423-2084,,Automatic External Defibrillators (AEDS),N
,,MAYO FOUNDATION FOR MEDICAL EDUCATION & RESEARCH,MAYO CLINIC STORE MIDELFORT,1400 BELLINGER ST,STE 3,EAU CLAIRE,WI,54703,,(715)838-1815,,Automatic External Defibrillators (AEDS),N
,,MAYO FOUNDATION FOR MEDICAL EDUCATION & RESEARCH,MAYO CLINIC STORE - WESTGATE,1707 WESTGATE RD,STE 2,EAU CLAIRE,WI,54703,,(715)838-1815,,Automatic External Defibrillators (AEDS),N
,,CARE MEDICAL SAVANNAH LLC,CARE MEDICAL SAVANNAH LLC,4821 WATERS AVE,,SAVANNAH,GA,31404,,(912)355-3446,,Automatic External Defibrillators (AEDS),N
,,"RAC & ASSOCIATES, INC.",SPECIAL CARE,9541 RIDGEHAVEN CT,,SAN DIEGO,CA,92123,,(858)694-5800,,Automatic External Defibrillators (AEDS),N
,,MEDWIZ SOLUTIONS LLC,MEDWIZ SOLUTIONS LLC,167 ROUTE 304,,BARDONIA,NY,10954,,(845)624-8080,,Automatic External Defibrillators (AEDS),N
,,APRIA HEALTHCARE LLC,APRIA HEALTHCARE LLC,1 PERIMETER RD 500,,MANCHESTER,NH,03103,,(603)518-2400,,Automatic External Defibrillators (AEDS),N
,,APRIA HEALTHCARE LLC,APRIA HEALTHCARE INC,1515 BLAIRS FERRY RD,STE B,MARION,IA,52302,,(319)377-3199,,Automatic External Defibrillators (AEDS),N
,,APRIA HEALTHCARE LLC,APRIA HEALTHCARE LLC,2600 PERIMETER PARK DR 100,,MORRISVILLE,NC,27560,,(919)380-1180,,Automatic External Defibrillators (AEDS),N
,,APRIA HEALTHCARE LLC,APRIA HEALTHCARE LLC,4859 CUMBERLAND RD,,FAYETTEVILLE,NC,28306,,(910)426-4000,,Automatic External Defibrillators (AEDS),N
,,APRIA HEALTHCARE LLC,APRIA HEALTHCARE LLC,100 DOWD RD,,BANGOR,ME,04401,,(207)942-5579,,Automatic External Defibrillators (AEDS),N
,,APRIA HEALTHCARE LLC,APRIA HEALTHCARE LLC,1824 PROGRESS RD,,GREENVILLE,NC,27834,,(252)757-1727,,Automatic External Defibrillators (AEDS),N
,,APRIA HEALTHCARE LLC,APRIA HEALTHCARE LLC,3845 SHOPTON RD 300,,CHARLOTTE,NC,28217,,(704)588-8556,,Automatic External Defibrillators (AEDS),N
,,APRIA HEALTHCARE LLC,APRIA HEALTHCARE LLC,919 SWEENEY DR,,HAGERSTOWN,MD,21740,,(301)791-5500,,Automatic External Defibrillators (AEDS),N
,,APRIA HEALTHCARE LLC,APRIA HEALTHCARE LLC,155 N DONNERVILLE RD,STE 2,MOUNTVILLE,PA,17554,,(717)285-7805,,Automatic External Defibrillators (AEDS),N
,,APRIA HEALTHCARE LLC,APRIA HEALTHCARE LLC,1409 N MOUNT AUBURN RD,STE A,CAPE GIRARDEAU,MO,63701,,(573)334-4207,,Automatic External Defibrillators (AEDS),N
,,APRIA HEALTHCARE LLC,APRIA HEALTHCARE LLC,141 GLENN BRIDGE RD,,ARDEN,NC,28704,,(828)684-9981,,Automatic External Defibrillators (AEDS),N
,,APRIA HEALTHCARE LLC,APRIA HEALTHCARE LLC,225 LAKE DR,,NEWARK,DE,19702,,(302)737-7979,,Automatic External Defibrillators (AEDS),N
,,APRIA HEALTHCARE LLC,APRIA HEALTHCARE INC,2400 PIERCE ST,,SIOUX CITY,IA,51104,,(712)255-1555,,Automatic External Defibrillators (AEDS),N
,,APRIA HEALTHCARE LLC,APRIA HEALTHCARE LLC,1207W VETERANS PKWY 3,,MARSHFIELD,WI,54449,,(715)384-0088,,Automatic External Defibrillators (AEDS),N
,,APRIA HEALTHCARE LLC,APRIA HEALTHCARE LLC,7370 EASTGATE ROAD,SUITES 140 AND 145,HENDERSON,NV,89011,,(702)736-4466,,Automatic External Defibrillators (AEDS),N
,,APRIA HEALTHCARE LLC,APRIA HEALTHCARE INC,100 OXMOOR RD,STE 104,BIRMINGHAM,AL,35209,,(205)942-4702,,Automatic External Defibrillators (AEDS),N
,,APRIA HEALTHCARE LLC,APRIA HEALTHCARE LLC,4642 WEST 12TH ST,SUITES 2&3,ERIE,PA,16505,,(814)454-5995,,Automatic External Defibrillators (AEDS),N
,,APRIA HEALTHCARE LLC,APRIA HEALTHCARE LLC,775E LINTON AVE,,SPRINGFIELD,IL,62703,,(217)789-0461,,Automatic External Defibrillators (AEDS),N
,,APRIA HEALTHCARE LLC,APRIA HEALTHCARE LLC,3229 SUNSET BLVD C,,WEST COLUMBIA,SC,29169,,(803)786-6900,,Automatic External Defibrillators (AEDS),N
,,APRIA HEALTHCARE LLC,APRIA HEALTHCARE LLC,2029 LYONS RD,,MIAMISBURG,OH,45342,,(937)312-9298,,Automatic External Defibrillators (AEDS),N
,,APRIA HEALTHCARE LLC,APRIA HEALTHCARE LLC,2540 OSCAR JOHNSON DR,,NORTH CHARLESTON,SC,29405,,(843)747-0341,,Automatic External Defibrillators (AEDS),N
,,APRIA HEALTHCARE LLC,APRIA HEALTHCARE LLC,5324 GEORGIA HIGHWAY 85,STE 200,FOREST PARK,GA,30297,,(404)479-4922,,Automatic External Defibrillators (AEDS),N
,,APRIA HEALTHCARE LLC,APRIA HEALTHCARE LLC,141 BERNOULLI CIR,,OXNARD,CA,93030,,(805)983-0926,,Automatic External Defibrillators (AEDS),N
,,APRIA HEALTHCARE LLC,APRIA HEALTHCARE LLC,325A INGLESBY PKWY,,DUNCAN,SC,29334,,(864)433-0615,,Automatic External Defibrillators (AEDS),N
,,APRIA HEALTHCARE LLC,APRIA HEALTHCARE LLC,612 BEATTY RD,STE D,MONROEVILLE,PA,15146,,(412)373-1603,,Automatic External Defibrillators (AEDS),N
,,VEDNORZA,RED APPLE PHARMACY,1135 MAIN AVE,,CLIFTON,NJ,07011,,(862)400-7075,,Automatic External Defibrillators (AEDS),N
,,"U.S. MEDICAL PRODUCTS, LLC",US MEDICAL EQUIPMENT & SUPPLY,4010 BLADENSBURG RD,,BRENTWOOD,MD,20722,,(240)770-4467,,Automatic External Defibrillators (AEDS),N
,,LEGACY OXYGEN AND HOME CARE EQUIPMENT LLC,LEGACY OXYGEN AND HOME CARE EQUIPME,800 BROADWAY ST,,PADUCAH,KY,42001,,(270)442-7887,,Automatic External Defibrillators (AEDS),N
,,LEGACY OXYGEN AND HOME CARE EQUIPMENT LLC,LEGACY OXYGEN AND HOMECARE EQUIPMEN,924 S 12TH ST,,MURRAY,KY,42071,,(270)753-2001,,Automatic External Defibrillators (AEDS),N
,,LEGACY OXYGEN AND HOME CARE EQUIPMENT LLC,LEGACY OXYGEN AND HOME CARE,707 S MAIN ST,,MARION,KY,42064,,(270)965-7080,,Automatic External Defibrillators (AEDS),N
,,ROCKY MOUNTAIN RESPIRATORY RESOURCE,ROCKY MOUNTAIN RESPIRATORY RESOURCE,11050 SPOTSWOOD TER,,PEYTON,CO,80831,,(719)200-9697,,Automatic External Defibrillators (AEDS),N
,,"SUPER ROCKWALL DRUGSTORE,LP",SUPER DRUG,104 W KAUFMAN ST,,ROCKWALL,TX,75087,,(972)772-8801,,Automatic External Defibrillators (AEDS),N
,,RALEYS,RALEYS PHARMACY #236,2325 MYERS ST,,OROVILLE,CA,95966,,(530)533-6876,,Automatic External Defibrillators (AEDS),N
,,RALEYS,RALEY'S PHARMACY #310,2900 GEER RD,,TURLOCK,CA,95382,,(209)667-4919,,Automatic External Defibrillators (AEDS),N
,,RALEYS,RALEY'S PHARMACY #420,8391 FOLSOM BLVD,,SACRAMENTO,CA,95826,,(916)383-4541,,Automatic External Defibrillators (AEDS),N
,,RALEYS,RALEY'S PHARMACY #103,1441 MAYBERRY DR,,RENO,NV,89509,,(775)786-3655,,Automatic External Defibrillators (AEDS),N
,,RALEYS,RALEY'S PHARMACY #333,3632 LONE TREE WAY,,ANTIOCH,CA,94509,,(925)754-5288,,Automatic External Defibrillators (AEDS),N
,,RALEYS,RALEY'S PHARMACY #311,1280 LATHROP ROAD,,MANTECA,CA,95336,,(209)825-0494,,Automatic External Defibrillators (AEDS),N
,,RALEYS,RALEYS PHARMACY #213,692 FREEMAN LN,,GRASS VALLEY,CA,95949,,(530)272-2496,,Automatic External Defibrillators (AEDS),N
,,RALEYS,RALEY'S PHARMACY #337,100 RALEYS TOWNE CTR,,ROHNERT PARK,CA,94928,,(707)585-3444,,Automatic External Defibrillators (AEDS),N
,,RALEYS,RALEY'S PHARMACY #421,8870 MADISON AVE,,FAIR OAKS,CA,95628,,(916)966-6371,,Automatic External Defibrillators (AEDS),N
,,RALEYS,RALEY'S PHARMACY #249,2485 NOTRE DAME BLVD,,CHICO,CA,95928,,(530)895-0895,,Automatic External Defibrillators (AEDS),N
,,RALEYS,RALEY'S PHARMACY #229,13384 LINCOLN WAY,,AUBURN,CA,95603,,(530)885-7989,,Automatic External Defibrillators (AEDS),N
,,RALEYS,RALEY'S PHARMACY # 431,5159 FAIR OAKS BLVD,,CARMICHAEL,CA,95608,,(916)483-0419,,Automatic External Defibrillators (AEDS),N
,,RALEYS,RALEY'S PHARMACY #438,6366 MACK RD,,SACRAMENTO,CA,95823,,(916)421-3267,,Automatic External Defibrillators (AEDS),N
,,RALEYS,RALEYS PHARMACY #247,1842 FORT JONES RD,,YREKA,CA,96097,,(530)842-4182,,Automatic External Defibrillators (AEDS),N
,,RALEYS,RALEY'S #340/350,40041 HIGHWAY 49,,OAKHURST,CA,93644,,(559)683-8360,,Automatic External Defibrillators (AEDS),N
,,RALEYS,RALEY'S #304/394,2077 MAIN STREET,,OAKLEY,CA,94561,,(925)625-4500,,Automatic External Defibrillators (AEDS),N
,,RALEYS,RALEY'S PHARMACY #343,890 SOUTHAMPTON RD,,BENICIA,CA,94510,,(707)746-5565,,Automatic External Defibrillators (AEDS),N
,,RALEYS,RALEY'S PHARMACY #309,3550 NORTH G ST,,MERCED,CA,95348,,(209)722-3853,,Automatic External Defibrillators (AEDS),N
,,RALEYS,RALEYS PHARMACY #114,3701 S CARSON ST,,CARSON CITY,NV,89701,,(775)882-3116,,Automatic External Defibrillators (AEDS),N
,,RALEYS,RALEYS PHARMACY #328,1315 N STATE ST,,UKIAH,CA,95482,,(707)468-5156,,Automatic External Defibrillators (AEDS),N
,,RALEYS,RALEY'S PHARMACY #412,6845 DOUGLAS BLVD,,GRANITE BAY,CA,95746,,(916)791-8015,,Automatic External Defibrillators (AEDS),N
,,RALEYS,RALEY'S PHARMACY #417,4840 SAN JUAN AVE,,FAIR OAKS,CA,95628,,(916)966-2266,,Automatic External Defibrillators (AEDS),N
,,RALEYS,RALEY'S PHARMACY #315,39200 PASEO PADRE PARKWAY,,FREMONT,CA,94538,,(510)791-0657,,Automatic External Defibrillators (AEDS),N
,,RALEYS,RALEY'S PHARMACY # 344,3061 ALAMO DR,,VACAVILLE,CA,95687,,(707)447-2526,,Automatic External Defibrillators (AEDS),N
,,RALEYS,RALEY'S PHARMACY #445,311 SOUTH LOWER SACRAMENTO RD,,LODI,CA,95242,,(209)369-7403,,Automatic External Defibrillators (AEDS),N
,,RALEYS,RALEY'S PHARMACY #242,700 W ONSTOTT RD,,YUBA CITY,CA,95991,,(530)673-8880,,Automatic External Defibrillators (AEDS),N
,,RALEYS,RALEY'S PHARMACY #239,7847 LICHEN DRIVE,,CITRUS HEIGHTS,CA,95621,,(916)722-1755,,Automatic External Defibrillators (AEDS),N
,,RALEYS,RALEY'S PHARMACY #248,201 LAKE BLVD,UNIT B,REDDING,CA,96003,,(530)246-3511,,Automatic External Defibrillators (AEDS),N
,,RALEYS,RALEY'S PHARMACY #127,1040 EMERALD BAY RD,,SOUTH LAKE TAHOE,CA,96150,,(530)541-5230,,Automatic External Defibrillators (AEDS),N
,,RALEYS,RALEYS PHARMACY #422,166 PLACERVILLE DR,,PLACERVILLE,CA,95667,,(530)622-6630,,Automatic External Defibrillators (AEDS),N
,,RALEYS,RALEY'S PHARMACY #109,1363 HWY 395 N,,GARDNERSVILLE,NV,89410,,(775)782-2226,,Automatic External Defibrillators (AEDS),N
,,RALEYS,RALEYS PHARMACY #424,3935 PARK DR,STE B,EL DORADO HILLS,CA,95762,,(916)933-0374,,Automatic External Defibrillators (AEDS),N
,,RALEYS,RALEY'S PHARMACY #206,367 WEST MAIN ST,,WOODLAND,CA,95695,,(530)666-1445,,Automatic External Defibrillators (AEDS),N
,,RALEYS,RALEYS PHARMACY #448,1601 W CAPITOL AVE,,WEST SACRAMENTO,CA,95691,,(916)372-3111,,Automatic External Defibrillators (AEDS),N
,,RALEYS,RALEY'S PHARMACY #316,5420 SUNOL BLVD,,PLEASANTON,CA,94566,,(925)846-7944,,Automatic External Defibrillators (AEDS),N
,,RALEYS,RALEY'S PHARMACY #227,1915 DOUGLAS BLVD,,ROSEVILLE,CA,95661,,(916)781-7840,,Automatic External Defibrillators (AEDS),N
,,RALEYS,RALEY'S PHARMACY # 313,1407 FULTON RD,,SANTA ROSA,CA,95403,,(707)546-4313,,Automatic External Defibrillators (AEDS),N
,,RALEYS,RALEYS PHARMACY #330,270 SUNSET AVENUE,,SUISUN CITY,CA,94585,,(707)426-1274,,Automatic External Defibrillators (AEDS),N
,,RALEYS,RALEY'S PHARMACY #341,8852 LAKEWOOD DR,,WINDSOR,CA,95492,,(707)838-4319,,Automatic External Defibrillators (AEDS),N
,,RALEYS,RALEY'S PHARMACY #108,18144 WEDGE PKWY,,RENO,NV,89511,,(775)850-8920,,Automatic External Defibrillators (AEDS),N
,,RALEYS,RALEY'S PHARMACY #319,217 SOSCOL AVE,,NAPA,CA,94559,,(707)224-1269,,Automatic External Defibrillators (AEDS),N
,,RALEYS,RALEY'S #231,6119 HORSESHOE BAR RD,,LOOMIS,CA,95650,,(916)652-5633,,Automatic External Defibrillators (AEDS),N
,,RALEYS,RALEYS PHARMACY #245,211 W EAST AVE,,CHICO,CA,95926,,(530)899-3790,,Automatic External Defibrillators (AEDS),N
,,RALEYS,RALEYS PHARMACY #102,2895 N MCCARRAN BLVD,,SPARKS,NV,89431,,(775)353-8818,,Automatic External Defibrillators (AEDS),N
,,RALEYS,RALEYS PHARMACY #426,781 SOUTH HIGHWAY 49,,JACKSON,CA,95642,,(209)223-9670,,Automatic External Defibrillators (AEDS),N
,,RALEYS,RALEYS PHARMACY #331,3330 N TEXAS ST,,FAIRFIELD,CA,94533,,(707)421-9010,,Automatic External Defibrillators (AEDS),N
,,RALEYS,RALEYS PHARMACY #409,715 EAST BIDWELL STREET,,FOLSOM,CA,95630,,(916)983-6574,,Automatic External Defibrillators (AEDS),N
,,RALEYS,RALEY'S PHARMACY #416,3518 MARCONI AVE,,SACRAMENTO,CA,95821,,(916)972-7198,,Automatic External Defibrillators (AEDS),N
,,RALEYS,RALEY'S PHARMACY 233,725 S MAIN ST,,RED BLUFF,CA,96080,,(530)527-2137,,Automatic External Defibrillators (AEDS),N
,,RALEYS,RALEYS PHARMACY #115,1075 N HILLS BLVD,STE 270,RENO,NV,89506,,(775)677-8750,,Automatic External Defibrillators (AEDS),N
,,RALEYS,RALEY'S PHARMACY #336,2400 SAND CREEK RD,,BRENTWOOD,CA,94513,,(925)513-8844,,Automatic External Defibrillators (AEDS),N
,,RALEYS,RALEY'S PHARMACY #447,4650 NATOMAS BLVD,,SACRAMENTO,CA,95835,,(916)419-6644,,Automatic External Defibrillators (AEDS),N
,,RALEYS,RALEYS #302,10430 TWIN CITIES RD,,GALT,CA,95632,,(209)745-4881,,Automatic External Defibrillators (AEDS),N
,,RALEYS,RALEY'S PHARMACY #105,1630 ROBB DR,,RENO,NV,89523,,(775)746-6404,,Automatic External Defibrillators (AEDS),N
,,RALEYS,RALEY'S PHARMACY #230,39 LINCOLN BOULEVARD,,LINCOLN,CA,95648,,(916)408-3633,,Automatic External Defibrillators (AEDS),N
,,RALEYS,RALEYS PHARMACY #410,25025 BLUE RAVINE RD,,FOLSOM,CA,95630,,(916)351-0303,,Automatic External Defibrillators (AEDS),N
,,RALEYS,RALEYS PHARMACY #443,4900 ELK GROVE BLVD,,ELK GROVE,CA,95758,,(916)683-0720,,Automatic External Defibrillators (AEDS),N
,,RALEYS,RALEY'S PHARMACY #306,4255 E MORADA LANE,,STOCKTON,CA,95212,,(209)956-9444,,Automatic External Defibrillators (AEDS),N
,,RALEYS,RALEY'S PHARMACY #228,4051 WOODCREEK OAKS BLVD,,ROSEVILLE,CA,95747,,(916)774-3344,,Automatic External Defibrillators (AEDS),N
,,RALEYS,RALEY'S PHARMACY #329,157 N MCDOWELL BLVD,,PETALUMA,CA,94954,,(707)765-9100,,Automatic External Defibrillators (AEDS),N
,,HOME HEALTH CARE INC.,COMMONWEALTH HOME HEALTH CARE,479 PINEY FOREST RD,,DANVILLE,VA,24540,,(434)797-2332,,Automatic External Defibrillators (AEDS),N
,,JOHN CURELLI,JOHN CURELLI,12 OLD SCHOOLHOUSE VILLAGE,,VINEYARD HAVEN,MA,02568,,(508)693-4380,,Automatic External Defibrillators (AEDS),N
,,"DASCO-ALLIANCE, LTD.",DASCO/ALLIANCE LTD,270 E STATE ST,STE 130,ALLIANCE,OH,44601,,(330)829-0565,,Automatic External Defibrillators (AEDS),N
,,SAKRX LLC,SAKRX LLC,808 N 27TH ST,,LINCOLN,NE,68503,,(402)476-3342,,Automatic External Defibrillators (AEDS),N
,,SAKRX LLC,KOHLLS RX,2915 LEAVENWORTH ST,,OMAHA,NE,68105,,(402)342-6548,,Automatic External Defibrillators (AEDS),N
,,MIRACULOUS MEDICAL SUPPLIES INC,MIRACULOUS MEDICAL SUPPLIES INC,15411 SW 137TH AVE,,MIAMI,FL,33177,,(786)701-8843,,Automatic External Defibrillators (AEDS),N
,,ARN MON INC,ARN MON INC,6853 DOUGLAS BLVD,STE A,DOUGLASVILLE,GA,30135,,(678)813-8758,,Automatic External Defibrillators (AEDS),N
,,INTEGRA MEDICAL SUPPLY,INTEGRA MEDICAL SUPPLY,399 CAMINO GARDENS BLVD,STE 102,BOCA RATON,FL,33432,,(561)440-8550,,Automatic External Defibrillators (AEDS),N
,,STONEROCK HEALTH CARE LLC,STONEROCK HEALTH CARE LLC,9620 E STATE ROUTE 350,STE 104,RAYTOWN,MO,64133,,(816)994-3366,,Automatic External Defibrillators (AEDS),N
,,RED HAT SERVICES INC,RED HAT SERVICES INC,1111 OAKFIELD DR,STE 115D,BRANDON,FL,33511,,(813)324-6541,,Automatic External Defibrillators (AEDS),N
,,AMERICAN GENERAL MEDICAL SUPPLY,AMERICAN GENERAL MEDICAL SUPPLY,3213 INTERSTATE 30,STE 410,MESQUITE,TX,75150,,(972)270-0500,,Automatic External Defibrillators (AEDS),N
,,MEDCENTER PRIMARY CARE,MEDCENTER PRIMARY CARE,4960 RICE MINE RD NE,STE 10,TUSCALOOSA,AL,35406,,(205)333-9467,,Automatic External Defibrillators (AEDS),N
,,ZARA PHARMACY LLC,PHARMACY PLUS & SURGICAL SUPPLIES,57 LINDEN ST,,HACKENSACK,NJ,07601,,(201)968-5260,,Automatic External Defibrillators (AEDS),N
,,PREMIER HOME MEDICAL EQUIPMENT SERVICES INC,PREMIER HOME MEDICAL EQUIPMENT SERV,3070 MCCANN FARM DR,STE 104,GARNET VALLEY,PA,19060,,(610)558-6222,,Automatic External Defibrillators (AEDS),N
,,ROYAL MEDICAL SUPPLIES LLC,ROYAL MEDICAL SUPPLIES LLC,10630 LITTLE PATUXENT PKWY,STE 314J,COLUMBIA,MD,21044,,(443)703-6078,,Automatic External Defibrillators (AEDS),N
,,SHORELINE MEDICAL EQUIPMENT LLC,SHORELINE MEDICAL EQUIPMENT LLC,320 S CALIFORNIA AVE,STE 1,CHICAGO,IL,60612,,(773)886-1533,,Automatic External Defibrillators (AEDS),N
,,MMS EQUIPMENT OF DALLAS WEST LLC,MAJORS MEDICAL SERVICE,523 S HENDERSON ST,,FT WORTH,TX,76104,,(682)250-7115,,Automatic External Defibrillators (AEDS),N
,,TACHIINII NURSING SERVICES INC,TACHIINII NURSING SERVICES INC,ONE MISSION LANE WEST OF HWY 191,,ROCK POINT,AZ,86545,,(928)659-4141,,Automatic External Defibrillators (AEDS),N
,,NEW LIFE PHARMACY & MEDICAL SUPPLY INC,NEW LIFE PHARMACY & MEDICAL SUPPLY,11200 SW VILLAGE PKWY,STE 100,PORT ST LUCIE,FL,34987,,(772)877-1125,,Automatic External Defibrillators (AEDS),N
,,PROVISIONAM,PROVISIONAM,3819 PHELAN BLVD,,BEAUMONT,TX,77707,,(409)363-5022,,Automatic External Defibrillators (AEDS),N
,,PATTON DURABLE EQUIPMENT SUPPLIES LLC,PATTON DURABLE EQUIPMENT SUPPLIES L,305 CLINTON BLVD,,CLINTON,MS,39056,,(601)708-5097,,Automatic External Defibrillators (AEDS),N
,,SCEPTER HEALTH RESOURCES LLC,HEALTHPRO PHARMACY&WELLNESS CENTER,9400 LAKEVIEW PKWY,STE 111,ROWLETT,TX,75088,,(972)954-1231,,Automatic External Defibrillators (AEDS),N
,,"TATA RESOURCES, LLC",BAY AREA PHARMACY & MEDICAL SUPPLY,10549 N FLORIDA AVE,STE A,TAMPA,FL,33612,,(813)221-3131,,Automatic External Defibrillators (AEDS),N
,,SDS MEDICAL SUPPLIES INC.,"SDS MEDICAL SUPPLIES, INC.",2375 WALL ST SE,"STE 240, ROOM 50",CONYERS,GA,30013,,(770)285-4104,,Automatic External Defibrillators (AEDS),N
,,WORLD PHARMACY LLC,WORLD PHARMACY LLC,14901 41ST AVE,,FLUSHING,NY,11355,,(718)358-4800,,Automatic External Defibrillators (AEDS),N
,,MEDICAL MART & DME,HEALTH PLUS PHARMACY - MISSION,3401 W MILE 5 RD,STE 2,MISSION,TX,78574,,(956)424-3535,,Automatic External Defibrillators (AEDS),N
,,LIFESURE LLC,LIFESURE LLC,3151 EXECUTIVE WAY,,MIRAMAR,FL,33025,,(954)585-0184,,Automatic External Defibrillators (AEDS),N
,,A AND Z TECHNOLOGIES LLC,A AND Z MEDICAL SUPPLIES,785 S STATE ST,,WESTERVILLE,OH,43081,,(614)776-4445,,Automatic External Defibrillators (AEDS),N
,,ROCKY MOUNTAIN MEDICAL EQUIPMENT LLC,ROCKY MOUNTAIN MEDICAL EQUIPMENT LL,5620 N UNION BLVD,,COLORADO SPRINGS,CO,80918,,(719)475-1236,,Automatic External Defibrillators (AEDS),N
,,"ORTHO-TEC MEDICAL, INC.",ORTHO TEC MEDICAL INC,15 GORE RD,,WEBSTER,MA,01570,,(888)616-9811,,Automatic External Defibrillators (AEDS),N
,,"U.S. MEDICAL EQUIPMENT, INC.",US MEDICAL EQUIPMENT INC,36967 AMRHEIN RD,,LIVONIA,MI,48150,,(734)425-0001,,Automatic External Defibrillators (AEDS),N
,,EDLUCY INC,ONE STEP AHEAD & HME,1010 W MAIN ST,,FAIRFIELD,IL,62837,,(618)842-2531,,Automatic External Defibrillators (AEDS),N
,,"CENTRAL VIRGINIA PHARMACY CONSULTANTS, P.C.",TIMBERLAKE FAMILY PHARM,20276 TIMBERLAKE RD,STE A,LYNCHBURG,VA,24502,,(434)237-6337,,Automatic External Defibrillators (AEDS),N
,,P & R HOME IV SERVICE INC,P & R MEDICAL CONNECTION,16937 DEFIANCE TRL,,VAN WERT,OH,45891,,(800)587-7670,,Automatic External Defibrillators (AEDS),N
,,"RESOURCE MEDICAL GROUP OF CHARLESTON, LLC",RESOURCE MEDICAL GROUP OF CHARLESTO,4042 ASHLEY PHOSPHATE RD,,NORTH CHARLESTON,SC,29418,,(843)767-3344,,Automatic External Defibrillators (AEDS),N
,,"RESOURCE MEDICAL GROUP OF CHARLESTON, LLC",RESOURCE MEDICAL GROUP OF CHARLESTO,1406 COMMERCE PLACE,SUITE J,MYRTLE BEACH,SC,29577,,(843)839-5101,,Automatic External Defibrillators (AEDS),N
,,"RESOURCE MEDICAL GROUP OF CHARLESTON, LLC",RESOURCE MEDICAL,1180 RIBAUT RD,STE 2&4,BEAUFORT,SC,29902,,(843)379-0612,,Automatic External Defibrillators (AEDS),N
,,BREATHE RITE MEDICAL AND SURGICAL EQUIPMENT LLC,BREATHE RITE MEDICAL AND SURGICAL E,1285 S BROAD ST,,TRENTON,NJ,08610,,(609)394-2770,,Automatic External Defibrillators (AEDS),N
,,SUPREME HEALTHCARE SUPPLY LLC,SUPREME HEALTHCARE SUPPLY LLC,6043 NW 167TH ST,STE A1,MIAMI,FL,33015,,(786)348-0009,,Automatic External Defibrillators (AEDS),N
,,LEON HOME MEDICAL LLC,"LEON HOME MEDICAL, INC.",8600 NW 41ST ST,STE 1A,DORAL,FL,33166,,(305)631-3460,,Automatic External Defibrillators (AEDS),N
,,"KERN MEDICAL SUPPLY, LLC","KERN MEDICAL SUPPLY, LLC",5209 MINTER FIELD AVE,STE 101,SHAFTER,CA,93263,,(661)393-4877,,Automatic External Defibrillators (AEDS),N
,,SAIL HEALTHCARE LLC,SAIL HEALTHCARE LLC,121 INTERPARK BLVD,STE 308,SAN ANTONIO,TX,78216,,(210)201-7245,,Automatic External Defibrillators (AEDS),N
,,PARTNERS MEDICAL SUPPLIES INC.,PARTNERS MEDICAL SUPPLIES INC,395 BROAD AVE,,RIDGEFIELD,NJ,07657,,(201)820-1598,,Automatic External Defibrillators (AEDS),N
,,CIRCLE OF PROFESSIONALS INC,SUPREMEMED,7044 SOPHIA AVE,,VAN NUYS,CA,91406,,(800)594-2295,,Automatic External Defibrillators (AEDS),N
,,DME MEDICAL EQUIPMENT INC,"DME MEDICAL EQUIPMENT, INC.",2000 E MAIN ST,STE C,UVALDE,TX,78801,,(830)591-2620,,Automatic External Defibrillators (AEDS),N
,,"MOUNTAINEER HOME MEDICAL, LLC",MOUNTAINEER HOME MEDICAL LLC,5000 GREENBAG RD,STE F6,MORGANTOWN,WV,26501,,(304)225-6290,,Automatic External Defibrillators (AEDS),N
,,"AMES MED EQUIP,INC",ALLIANCE MEDICAL SUPPLY & RENTAL,301 N JACKSON AVE,STE 7A,SAN JOSE,CA,95133,,(408)942-9000,,Automatic External Defibrillators (AEDS),N
,,CRESSCARE MEDICAL INC,CRESSCARE MEDICAL INC,1531 COMMERCE AVE,,CARLISLE,PA,17015,,(717)241-4441,,Automatic External Defibrillators (AEDS),N
,,CRESSCARE MEDICAL INC,CRESSCARE MEDICAL INC,1820 LINGLESTOWN RD,,HARRISBURG,PA,17110,,(717)236-7482,,Automatic External Defibrillators (AEDS),N
,,PRITCHETT MEDICAL EQUIPMENT INC,ASSOCIATED MEDICAL EQUIPMENT,211 W MOORE AVE,,TERRELL,TX,75160,,(972)524-6800,,Automatic External Defibrillators (AEDS),N
,,D & D SERVICES INC,PREFERRED PEDIATRIC HOME HEALTH CAR,12331 E 60TH ST,,TULSA,OK,74146,,(918)252-2000,,Automatic External Defibrillators (AEDS),N
,,D & D SERVICES INC,PREFERRED PEDIATRIC HOME HEALTH CAR,720 NE 63RD ST,,OKLAHOMA CITY,OK,73105,,(405)848-7337,,Automatic External Defibrillators (AEDS),N
,,D & D SERVICES INC,PREFERRED HOME HEALTH CARE MIDWEST,945 SE 2ND ST,,GALVA,IL,61434,,(309)932-3000,,Automatic External Defibrillators (AEDS),N
,,D & D SERVICES INC,PREFERRED PEDIATRIC HOME HEALTH CAR,3550 COLLEGE AVE,STE C,ALTON,IL,62002,,(618)467-1100,,Automatic External Defibrillators (AEDS),N
,,GREENHILL PHARMACY CORPORATION,GREENHILLS PHARMACY,164 PARSIPPANY RD,,PARSIPPANY,NJ,07054,,(973)887-9444,,Automatic External Defibrillators (AEDS),N
,,TRANS ALLIANCE LAB INC,TRANS ALLIANCE MED & DRUGS,2650 HOLCOMB BRIDGE RD,STE 540,ALPHARETTA,GA,30022,,(770)992-9940,,Automatic External Defibrillators (AEDS),N
,,APPLECARE LLC,APPLECARE STATESBORO,586 BRANNEN ST,,STATESBORO,GA,30458,,(912)871-6611,,Automatic External Defibrillators (AEDS),N
,,"HAWKEYE MEDICAL, LLC",DHC MEDICAL SUPPLY,8855 ANNAPOLIS ROAD,SUITE 100,LANHAM,MD,20706,,(301)918-1750,,Automatic External Defibrillators (AEDS),N
,,DOBSON INTERNATIONAL INC,DOBSON MEDICAL EQUIPMENT SUPPLY,8040 ALONDRA BLVD,STE C,PARAMOUNT,CA,90723,,(562)602-5501,,Automatic External Defibrillators (AEDS),N
,,KNIGHT MEDICAL SUPPLY LLC,KNIGHT MEDICAL SUPPLY LLC,802 S LEWIS ST,,STILLWATER,OK,74074,,(405)743-1646,,Automatic External Defibrillators (AEDS),N
,,"MID JERSEY RESP. ASSOCIATES, MEDICAL SUPPLIES & CLINICAL SVCS., INC",MJRA MID JERSEY MEDICAL SUPPLIES,106 N BROADWAY,,SOUTH AMBOY,NJ,08879,,(732)721-0028,,Automatic External Defibrillators (AEDS),N
,,"BENEMED HOLDINGS, INC.",JACKSON MEDICAL SUPPLY,5006 HIGHWAY 80 E,STE B,PEARL,MS,39208,,(601)376-0855,,Automatic External Defibrillators (AEDS),N
,,BETTER LIVING MEDICAL SUPPLY AND EQUIPMENT INC.,BETTER LIVING MEDICAL SUPPLY AND EQ,2625 OLD DENTON RD,STE 452,CARROLLTON,TX,75007,,(972)820-8700,,Automatic External Defibrillators (AEDS),N
,,"ZYLSTRA MEDICAL SUPPLY, INC","ZYLSTRA MEDICAL SUPPLY, INC.",1998 44TH ST SE,,KENTWOOD,MI,49508,,(616)827-9290,,Automatic External Defibrillators (AEDS),N
,,LUTHERAN MEDICAL GROUP LLC,LUTHERAN MEDICAL GROUP LLC,2516 E DUPONT RD,,FORT WAYNE,IN,46825,,(260)434-6076,,Automatic External Defibrillators (AEDS),N
,,LUTHERAN MEDICAL GROUP LLC,LUTHERAN MEDICAL GROUP LLC,7980 W JEFFERSON BLVD,,FORT WAYNE,IN,46804,,(260)459-1587,,Automatic External Defibrillators (AEDS),N
,,LUTHERAN MEDICAL GROUP LLC,LUTHERAN MEDICAL GROUP,3534 BROOKLYN AVE,,FORT WAYNE,IN,46809,,(260)432-2297,,Automatic External Defibrillators (AEDS),N
,,MEDICAL LOGIC INC,MEDLOGIC,16175A LANDON RD,,GULFPORT,MS,39503,,(228)832-1126,,Automatic External Defibrillators (AEDS),N
,,SANTA MONICA HEALTH SYSTEMS INC,SANTA MONICA PHARMACY AND MEDICAL S,4300 BELAIR RD,STE E,BALTIMORE,MD,21206,,(410)617-0116,,Automatic External Defibrillators (AEDS),N
,,LIFETIME MEDICAL EQUIPMENT AND SUPPLIES,LIFETIME MEDICAL EQUIPMENT AND SUPP,5200 PAIGE RD,STE 300,THE COLONY,TX,75056,,(972)787-0072,,Automatic External Defibrillators (AEDS),N
,,YALOBUSHA GENERAL HOSPITAL,YALOBUSHA DURABLE MEDICAL EQUIPMENT,420 N MAIN ST,,WATER VALLEY,MS,38965,,(662)473-5282,,Automatic External Defibrillators (AEDS),N
,,PERFORMANCE PLUS MEDICAL SUPPLIES LLC,PERFORMANCE PLUS MEDICAL SUPPLIES L,1802 N WOODBINE RD,,SAINT JOSEPH,MO,64506,,(816)232-5113,,Automatic External Defibrillators (AEDS),N
,,QUALICARE MEDICAL SUPPLIES LLC,QUALICARE MEDICAL SUPPLIES LLC,9320 ANNAPOLIS RD,STE 210,LANHAM,MD,20706,,(301)577-4077,,Automatic External Defibrillators (AEDS),N
,,APRIA HEALTHCARE LLC,APRIA HEALTHCARE LLC,2024S MAIDEN LN 1,,JOPLIN,MO,64804,,(417)782-6212,,Automatic External Defibrillators (AEDS),N
,,APRIA HEALTHCARE LLC,APRIA HEALTHCARE LLC,4210 1ST AVE 310,,NITRO,WV,25143,,(304)755-0718,,Automatic External Defibrillators (AEDS),N
,,APRIA HEALTHCARE LLC,APRIA HEALTHCARE LLC,3202 ROBERT C BYRD DR,,BECKLEY,WV,25801,,(304)255-1464,,Automatic External Defibrillators (AEDS),N
,,APRIA HEALTHCARE LLC,APRIA HEALTHCARE LLC,4 PRESIDENTIAL WAY,UNIT A,WOBURN,MA,01801,,(978)657-8446,,Automatic External Defibrillators (AEDS),N
,,APRIA HEALTHCARE LLC,APRIA HEALTHCARE LLC,2198 WILLIAMS HWY 207/208,,WILLIAMSTOWN,WV,26187,,(304)375-2039,,Automatic External Defibrillators (AEDS),N
,,APRIA HEALTHCARE LLC,APRIA HEALTHCARE LLC,170 CARANDO DR,,SPRINGFIELD,MA,01104,,(413)736-4529,,Automatic External Defibrillators (AEDS),N
,,APRIA HEALTHCARE LLC,APRIA HEALTHCARE LLC,678 ELMWOOD AVE,,SHARON HILL,PA,19079,,(610)461-5190,,Automatic External Defibrillators (AEDS),N
,,APRIA HEALTHCARE LLC,APRIA HEALTHCARE LLC,4416S 40TH ST,,SAINT JOSEPH,MO,64503,,(816)233-2449,,Automatic External Defibrillators (AEDS),N
,,APRIA HEALTHCARE LLC,APRIA HEALTHCARE LLC,70 CATAMORE BLVD,,EAST PROVIDENCE,RI,02914,,(401)435-8500,,Automatic External Defibrillators (AEDS),N
,,APRIA HEALTHCARE LLC,APRIA HEALTHCARE LLC,1319 E OHIO ST,,CLINTON,MO,64735,,(660)885-8129,,Automatic External Defibrillators (AEDS),N
,,APRIA HEALTHCARE LLC,APRIA HEALTHCARE LLC,170 OBERLIN N AVE 24,,LAKEWOOD,NJ,08701,,(732)905-1400,,Automatic External Defibrillators (AEDS),N
,,APRIA HEALTHCARE LLC,APRIA HEALTHCARE LLC,5345S MOORLAND RD,,NEW BERLIN,WI,53151,,(262)207-1551,,Automatic External Defibrillators (AEDS),N
,,APRIA HEALTHCARE LLC,APRIA HEALTHCARE LLC,16815 COLLEGE BLVD,,LENEXA,KS,66219,,(913)492-2212,,Automatic External Defibrillators (AEDS),N
,,APRIA HEALTHCARE LLC,APRIA HEALTHCARE LLC,10910N 2ND ST,,MACHESNEY PARK,IL,61115,,(815)633-7778,,Automatic External Defibrillators (AEDS),N
,,APRIA HEALTHCARE LLC,APRIA HEALTHCARE LLC,859E BROADWAY,,MONONA,WI,53716,,(608)221-5480,,Automatic External Defibrillators (AEDS),N
,,APRIA HEALTHCARE LLC,APRIA HEALTHCARE LLC,40 SEBETHE DR,,CROMWELL,CT,06416,,(860)613-4900,,Automatic External Defibrillators (AEDS),N
,,APRIA HEALTHCARE LLC,APRIA HEALTHCARE LLC,245 ELLERY CT,,NASHVILLE,TN,37214,,(615)321-5874,,Automatic External Defibrillators (AEDS),N
,,APRIA HEALTHCARE LLC,APRIA HEALTHCARE LLC,2101 MAXWELL AVE,,EVANSVILLE,IN,47711,,(812)471-0202,,Automatic External Defibrillators (AEDS),N
,,APRIA HEALTHCARE LLC,APRIA HEALTHCARE LLC,1714N 5TH ST,,TERRE HAUTE,IN,47804,,(812)232-0267,,Automatic External Defibrillators (AEDS),N
,,APRIA HEALTHCARE LLC,APRIA HEALTHCARE LLC,6413 CROSS CREEK BLVD,,FORT WAYNE,IN,46818,,(260)489-7722,,Automatic External Defibrillators (AEDS),N
,,APRIA HEALTHCARE LLC,APRIA HEALTHCARE LLC,1160S CREASY LN 6,,LAFAYETTE,IN,47905,,(765)448-9995,,Automatic External Defibrillators (AEDS),N
,,APRIA HEALTHCARE LLC,APRIA HEALTHCARE LLC,4401W WILLIAMSBURG BLVD,,MUNCIE,IN,47304,,(765)286-8017,,Automatic External Defibrillators (AEDS),N
,,APRIA HEALTHCARE LLC,APRIA HEALTHCARE LLC,7353 COMPANY DR,,INDIANAPOLIS,IN,46237,,(317)865-4200,,Automatic External Defibrillators (AEDS),N
,,APRIA HEALTHCARE LLC,APRIA HEALTHCARE LLC,599E MANDOLINE AVE,,MADISON HEIGHTS,MI,48071,,(248)588-1607,,Automatic External Defibrillators (AEDS),N
,,APRIA HEALTHCARE LLC,APRIA HEALTHCARE LLC,4675 TURNBERRY DR,,HANOVER PARK,IL,60133,,(847)252-2000,,Automatic External Defibrillators (AEDS),N
,,APRIA HEALTHCARE LLC,APRIA HEALTHCARE INC,701 W TOWNLINE,STE B,CRESTON,IA,50801,,(641)782-6892,,Automatic External Defibrillators (AEDS),N
,,APRIA HEALTHCARE LLC,APRIA HEALTHCARE LLC,3703N CLIFF AVE,,SIOUX FALLS,SD,57104,,(605)334-8418,,Automatic External Defibrillators (AEDS),N
,,APRIA HEALTHCARE LLC,APRIA HEALTHCARE LLC,36 EAGLE DR,,LEXINGTON,OH,44904,,(419)884-0802,,Automatic External Defibrillators (AEDS),N
,,APRIA HEALTHCARE LLC,APRIA HEALTHCARE LLC,16550 SCHEER BLVD 3,,HUDSON,FL,34667,,(727)868-8554,,Automatic External Defibrillators (AEDS),N
,,APRIA HEALTHCARE LLC,APRIA HEALTHCARE LLC,501 COVIL AVE 400,,WILMINGTON,NC,28403,,(910)343-8930,,Automatic External Defibrillators (AEDS),N
,,APRIA HEALTHCARE LLC,APRIA HEALTHCARE INC,8868 RESEARCH BLVD,STE 107,AUSTIN,TX,78758,,(512)451-5599,,Automatic External Defibrillators (AEDS),N
,,"BRAINERD MEDICAL SUPPLY, INC",BRAINERD MEDICAL SUPPLY INC,206 W WASHINGTON ST,,BRAINERD,MN,56401,,(218)829-2100,,Automatic External Defibrillators (AEDS),N
,,WILLIAM BURKE LTD,MAIN AT LOCUST PHARMACY,129 W LOCUST ST,,DAVENPORT,IA,52803,,(563)324-1641,,Automatic External Defibrillators (AEDS),N
,,APRIA HEALTHCARE LLC,APRIA HEALTHCARE LLC,4600 LOCKHILL SELMA RD,STE 105,SAN ANTONIO,TX,78249,,(210)494-0203,,Automatic External Defibrillators (AEDS),N
,,APRIA HEALTHCARE LLC,APRIA HEALTHCARE LLC,5449 BEAR LN 400,,CORPUS CHRISTI,TX,78405,,(361)299-2535,,Automatic External Defibrillators (AEDS),N
,,APRIA HEALTHCARE LLC,APRIA HEALTHCARE LLC,401 S 77 SUNSHINESTRIP,STE C,HARLINGEN,TX,78550,,(956)428-4091,,Automatic External Defibrillators (AEDS),N
,,APRIA HEALTHCARE LLC,APRIA HEALTHCARE LLC,4062 TECHNOLOGY DR,,MAUMEE,OH,43537,,(419)471-1919,,Automatic External Defibrillators (AEDS),N
,,APRIA HEALTHCARE LLC,APRIA HEALTHCARE LLC,1014 N BUTLER AVE,,FARMINGTON,NM,87401,,(505)325-7575,,Automatic External Defibrillators (AEDS),N
,,APRIA HEALTHCARE LLC,APRIA HEALTHCARE LLC,1700W 1ST ST 3,,CASPER,WY,82604,,(307)577-0696,,Automatic External Defibrillators (AEDS),N
,,APRIA HEALTHCARE LLC,APRIA HEALTHCARE LLC,821 MOUNT RUSHMORE RD,,RAPID CITY,SD,57701,,(605)341-2273,,Automatic External Defibrillators (AEDS),N
,,APRIA HEALTHCARE LLC,APRIA HEALTHCARE LLC,2956 NORTH AVE,STE 3,GRAND JUNCTION,CO,81504,,(970)245-1604,,Automatic External Defibrillators (AEDS),N
,,APRIA HEALTHCARE LLC,APRIA HEALTHCARE LLC,420W 67TH ST,,LOVELAND,CO,80538,,(970)663-0503,,Automatic External Defibrillators (AEDS),N
,,APRIA HEALTHCARE LLC,APRIA HEALTHCARE LLC,37 COMMERCE AVE,STE 2,SOUTH BURLINGTON,VT,05403,,(802)865-7801,,Automatic External Defibrillators (AEDS),N
,,APRIA HEALTHCARE LLC,APRIA HEALTHCARE INC,1202 W 21ST ST,,CLOVIS,NM,88101,,(505)763-0202,,Automatic External Defibrillators (AEDS),N
,,APRIA HEALTHCARE LLC,APRIA HEALTHCARE LLC,4619 W LOOP 289,,LUBBOCK,TX,79414,,(806)791-0202,,Automatic External Defibrillators (AEDS),N
,,APRIA HEALTHCARE LLC,APRIA HEALTHCARE,1201 S HOPE ST,,EL CENTRO,CA,92243,,(760)353-6470,,Automatic External Defibrillators (AEDS),N
,,APRIA HEALTHCARE LLC,APRIA HEALTHCARE,38888 EL DESIERTO RD,,PALM DESERT,CA,92211,,(760)200-2918,,Automatic External Defibrillators (AEDS),N
,,APRIA HEALTHCARE LLC,APRIA HEALTHCARE INC,431 ALAMAHA ST,# 2&3B,KAHULUI,HI,96732,,(808)871-4267,,Automatic External Defibrillators (AEDS),N
,,APRIA HEALTHCARE LLC,APRIA HEALTHCARE INC,2339 COURAGE DR,STE G,FAIRFIELD,CA,94533,,(707)422-9901,,Automatic External Defibrillators (AEDS),N
,,APRIA HEALTHCARE LLC,APRIA HEALTHCARE LLC,600E MORLEY DR,,SAGINAW,MI,48601,,(989)752-0141,,Automatic External Defibrillators (AEDS),N
,,APRIA HEALTHCARE LLC,APRIA HEALTHCARE LLC,1931 LUNDY AVE,,SAN JOSE,CA,95131,,(408)383-4420,,Automatic External Defibrillators (AEDS),N
,,APRIA HEALTHCARE LLC,APRIA HEALTHCARE INC,14464 ATSTAR DR,STE 101-102,VICTORVILLE,CA,92395,,(760)241-4488,,Automatic External Defibrillators (AEDS),N
,,APRIA HEALTHCARE LLC,APRIA HEALTHCARE,2476 VERNA CT,,SAN LEANDRO,CA,94577,,(510)346-4000,,Automatic External Defibrillators (AEDS),N
,,APRIA HEALTHCARE LLC,APRIA HEALTHCARE LLC,609 N COURT ST,,CARROLL,IA,51401,,(712)792-6022,,Automatic External Defibrillators (AEDS),N
,,APRIA HEALTHCARE LLC,APRIA HEALTHCARE LLC,318N CLEVELAND AVE,,WICHITA,KS,67214,,(316)689-4500,,Automatic External Defibrillators (AEDS),N
,,APRIA HEALTHCARE LLC,APRIA HEALTHCARE LLC,181 DAVIS JOHNSON DR D,,RICHLAND,MS,39218,,(601)362-0523,,Automatic External Defibrillators (AEDS),N
,,APRIA HEALTHCARE LLC,APRIA HEALTHCARE LLC,2127W VISTA ST,,SPRINGFIELD,MO,65807,,(417)890-0551,,Automatic External Defibrillators (AEDS),N
,,APRIA HEALTHCARE LLC,APRIA HEALTHCARE LLC,2198 PASS RD,,BILOXI,MS,39531,,(228)385-2200,,Automatic External Defibrillators (AEDS),N
,,APRIA HEALTHCARE LLC,APRIA HEALTHCARE LLC,265 SOUTH ST,STE E,SAN LUIS OBISPO,CA,93401,,(805)783-7412,,Automatic External Defibrillators (AEDS),N
,,APRIA HEALTHCARE LLC,APRIA HEALTHCARE LLC,4249 PIEDMONT PKWY 101,,GREENSBORO,NC,27410,,(336)632-9556,,Automatic External Defibrillators (AEDS),N
,,APRIA HEALTHCARE LLC,APRIA HEALTHCARE LLC,9143 PHILIPS HWY 280,,JACKSONVILLE,FL,32256,,(904)363-3200,,Automatic External Defibrillators (AEDS),N
,,APRIA HEALTHCARE LLC,APRIA HEALTHCARE LLC,10156 L ST,,OMAHA,NE,68127,,(402)731-8700,,Automatic External Defibrillators (AEDS),N
,,APRIA HEALTHCARE LLC,APRIA HEALTHCARE LLC,16811 MILLIKAN AVE,,IRVINE,CA,92606,,(949)705-4000,,Automatic External Defibrillators (AEDS),N
,,APRIA HEALTHCARE LLC,APRIA HEALTHCARE,98-720 KUAHAO PL,,PEARL CITY,HI,96782,,(808)485-0178,,Automatic External Defibrillators (AEDS),N
,,APRIA HEALTHCARE LLC,APRIA HEALTHCARE INC,4421 MCLEOD RD NE,STE A,ALBUQUERQUE,NM,87109,,(505)881-9111,,Automatic External Defibrillators (AEDS),N
,,APRIA HEALTHCARE LLC,APRIA HEALTHCARE LLC,10500 BLUEGRASS PKWY,STE 1,LOUISVILLE,KY,40299,,(502)499-9099,,Automatic External Defibrillators (AEDS),N
,,APRIA HEALTHCARE LLC,APRIA HEALTHCARE LLC,2327 CROWNE POINT DR,,SHARONVILLE,OH,45241,,(513)772-1907,,Automatic External Defibrillators (AEDS),N
,,APRIA HEALTHCARE LLC,APRIA HEALTHCARE LLC,4001 BROADWAY,STE B,EUREKA,CA,95503,,(707)444-8022,,Automatic External Defibrillators (AEDS),N
,,APRIA HEALTHCARE LLC,APRIA HEALTHCARE LLC,23707 W HARDY RD,STE D,SPRING,TX,77373,,(281)765-4400,,Automatic External Defibrillators (AEDS),N
,,APRIA HEALTHCARE LLC,APRIA HEALTHCARE LLC,8300 ESTERS BLVD,STE 920,IRVING,TX,75063,,(972)621-2005,,Automatic External Defibrillators (AEDS),N
,,APRIA HEALTHCARE LLC,APRIA HEALTHCARE LLC,116S MERRITT AVE,,IRON MOUNTAIN,MI,49801,,(906)779-1892,,Automatic External Defibrillators (AEDS),N
,,APRIA HEALTHCARE LLC,APRIA HEALTHCARE LLC,4513 BROADMOOR SEAVE D,,GRAND RAPIDS,MI,49512,,(616)698-9119,,Automatic External Defibrillators (AEDS),N
,,APRIA HEALTHCARE LLC,APRIA HEALTHCARE LLC,276 N WICKHAM RD,,MELBOURNE,FL,32935,,(321)255-3534,,Automatic External Defibrillators (AEDS),N
,,APRIA HEALTHCARE LLC,APRIA HEALTHCARE LLC,989W WASHINGTON ST 105,,MARQUETTE,MI,49855,,(906)228-2230,,Automatic External Defibrillators (AEDS),N
,,APRIA HEALTHCARE LLC,APRIA HEALTHCARE LLC,1581E 90TH PL,,MERRILLVILLE,IN,46410,,(219)736-1302,,Automatic External Defibrillators (AEDS),N
,,APRIA HEALTHCARE LLC,APRIA HEALTHCARE INC,1605 EASTPORT PLAZA DR,STE 121,COLLINSVILLE,IL,62234,,(618)343-3700,,Automatic External Defibrillators (AEDS),N
,,APRIA HEALTHCARE LLC,APRIA HEALTHCARE LLC,111E WASHINGTON AVE,,RED OAK,IA,51566,,(712)623-5466,,Automatic External Defibrillators (AEDS),N
,,APRIA HEALTHCARE LLC,APRIA HEALTHCARE INC,579 S FRANKLIN ST,,FORT BRAGG,CA,95437,,(707)961-1770,,Automatic External Defibrillators (AEDS),N
,,APRIA HEALTHCARE LLC,APRIA HEALTHCARE INC,4970 RANGELINE RD,,MOBILE,AL,36619,,(251)665-5200,,Automatic External Defibrillators (AEDS),N
,,APRIA HEALTHCARE LLC,APRIA HEALTHCARE LLC,4 GENDRON DR 4,,LEWISTON,ME,04240,,(207)402-3204,,Automatic External Defibrillators (AEDS),N
,,APRIA HEALTHCARE LLC,APRIA HEALTHCARE LLC,755 BEVINS ST,,LAKEPORT,CA,95453,,(707)262-7046,,Automatic External Defibrillators (AEDS),N
,,APRIA HEALTHCARE LLC,APRIA HEALTHCARE LLC,815 MARLBOROUGH AVE,STE 200,RIVERSIDE,CA,92507,,(951)320-1100,,Automatic External Defibrillators (AEDS),N
,,APRIA HEALTHCARE LLC,APRIA HEALTHCARE,221 E GOBBI ST,,UKIAH,CA,95482,,(707)468-9242,,Automatic External Defibrillators (AEDS),N
,,APRIA HEALTHCARE LLC,APRIA HEALTHCARE LLC,2808 E PARHAM RD,,RICHMOND,VA,23228,,(804)553-4964,,Automatic External Defibrillators (AEDS),N
,,BLACKBURNS PHYSICIANS PHARMACY INC,BLACKBURNS PHYSICIANS PHARMACY INC,301 CORBET ST,,TARENTUM,PA,15084,,(724)224-9100,,Automatic External Defibrillators (AEDS),N
,,"MASS SURGICAL SUPPLY, LLC",MASS SURGICAL SUPPLY LLC,249 HIGH ST,,HOLYOKE,MA,01040,,(413)532-1401,,Automatic External Defibrillators (AEDS),N
,,BOARDMAN MEDICAL SUPPLY CO,BOARDMAN MEDICAL SUPPLY COMPANY,404 BOARDMAN CANFIELD RD,,YOUNGSTOWN,OH,44512,,(330)758-0595,,Automatic External Defibrillators (AEDS),N
,,BOARDMAN MEDICAL SUPPLY CO,BOARDMAN MEDICAL SUPPLY COMPANY,300 N STATE ST,,GIRARD,OH,44420,,(330)545-6700,,Automatic External Defibrillators (AEDS),N
,,TOOLEY DRUG COMPANY,TOOLEY DRUG AND HOMECARE,2615 13TH ST,,COLUMBUS,NE,68601,,(402)564-7397,,Automatic External Defibrillators (AEDS),N
,,COOLEY MEDICAL EQUIPMENT INC,COOLEY MEDICAL EQUIPMENT,1184 S LAKE DR,,PRESTONSBURG,KY,41653,,(606)886-0238,,Automatic External Defibrillators (AEDS),N
,,COOLEY MEDICAL EQUIPMENT INC,COOLEY MEDICAL EQUIPMENT,500 VILLAGE LN,,HAZARD,KY,41701,,(606)439-4049,,Automatic External Defibrillators (AEDS),N
,,COOLEY MEDICAL EQUIPMENT INC,COOLEY MEDICAL EQUIPMENT,1316 S BROADWAY,,LEXINGTON,KY,40504,,(859)281-6044,,Automatic External Defibrillators (AEDS),N
,,COOLEY MEDICAL EQUIPMENT INC,COOLEY MEDICAL EQUIPMENT INC,65 WEDDINGTON BRANCH RD,,PIKEVILLE,KY,41501,,(606)432-0055,,Automatic External Defibrillators (AEDS),N
,,COOLEY MEDICAL EQUIPMENT INC,COOLEY MEDICAL EQUIPMENT INC,613 PARK AVE SW,,NORTON,VA,24273,,(276)679-8350,,Automatic External Defibrillators (AEDS),N
,,BINSON'S HOSPITAL SUPPLIES INC,BINSON'S HOME HEALTH CARE CENTERS,26834 LAWRENCE,,CENTER LINE,MI,48015,,(586)755-2300,,Automatic External Defibrillators (AEDS),N
,,BINSON'S HOSPITAL SUPPLIES INC,BINSON'S HOME HEALTH CARE CENTERS,30475 WOODWARD AVE,,ROYAL OAK,MI,48073,,(248)288-0440,,Automatic External Defibrillators (AEDS),N
,,BINSON'S HOSPITAL SUPPLIES INC,BINSON'S HOME HEALTH CARE CENTER'S,6475 ROCHESTER ROAD,,TROY,MI,48085,,(248)828-8400,,Automatic External Defibrillators (AEDS),N
,,BINSON'S HOSPITAL SUPPLIES INC,BINSON'S HOME HEALTH CARE CENTERS,18800 EUREKA RD,,SOUTHGATE,MI,48195,,(734)281-1800,,Automatic External Defibrillators (AEDS),N
,,BINSON'S HOSPITAL SUPPLIES INC,BINSON'S HOME HEALTH CARE CENTERS,820 S RONALD REAGAN BLVD,UNIT 130,LONGWOOD,FL,32750,,(407)691-3009,,Automatic External Defibrillators (AEDS),N
,,BINSON'S HOSPITAL SUPPLIES INC,BINSON'S HOME HEALTH CARE CENTER'S,21571 KELLY RD,,EAST POINTE,MI,48021,,(586)779-7770,,Automatic External Defibrillators (AEDS),N
,,BINSON'S HOSPITAL SUPPLIES INC,BINSON'S HOME HEALTH CARE CENTER'S,43900 SCHOENHERR RD,,STERLING HEIGHTS,MI,48313,,(586)737-2323,,Automatic External Defibrillators (AEDS),N
,,BINSON'S HOSPITAL SUPPLIES INC,BINSON'S HOME HEALTH CARE CENTERS,13450 FARMINGTON RD,,LIVONIA,MI,48150,,(734)421-2041,,Automatic External Defibrillators (AEDS),N
,,BINSON'S HOSPITAL SUPPLIES INC,BINSON'S HOSPITAL SUPPLIES INC,36475 5 MILE RD,RM 21519,LIVONIA,MI,48154,,(734)655-2865,,Automatic External Defibrillators (AEDS),N
,,BINSON'S HOSPITAL SUPPLIES INC,BINSON'S HOME HEALTH CARE CENTERS,32255 NORTHWESTERN HWY,STE 70A,FARMINGTON HILLS,MI,48334,,(248)419-3520,,Automatic External Defibrillators (AEDS),N
,,BINSON'S HOSPITAL SUPPLIES INC,BINSON'S HOME HEALTH CARE CENTERS,5250 AUTO CLUB DR,STE 130,DEARBORN,MI,48126,,(888)246-7667,,Automatic External Defibrillators (AEDS),N
,,BINSON'S HOSPITAL SUPPLIES INC,BINSON'S HOME HEALTH CARE CENTERS,814 PHOENIX DR,,ANN ARBOR,MI,48108,,(734)545-7190,,Automatic External Defibrillators (AEDS),N
,,BINSON'S HOSPITAL SUPPLIES INC,PHYSICAL ADDRESS,455 E GRAND RIVER AVE,STE 206,BRIGHTON,MI,48116,,(888)246-7667,,Automatic External Defibrillators (AEDS),N
,,D&H PRESCRIPTION DRUG COMPANY INC,D&H PRESCRIPTION DRUG COMPANY IN,1814 PARIS RD,,COLUMBIA,MO,65201,,(573)777-7373,,Automatic External Defibrillators (AEDS),N
,,"THERAPY SUPPLY HOUSE, INC","THERAPY SUPPLY HOUSE, INC",6725 STELLA LINK RD,,HOUSTON,TX,77005,,(713)669-0500,,Automatic External Defibrillators (AEDS),N
,,MEDICAL CENTER PHARMACY OF DURANT INC,ADVANCED CARE MEDICAL EQUIPMENT OF,1026 RADIO RD,,DURANT,OK,74701,,(580)924-2626,,Automatic External Defibrillators (AEDS),N
,,MEDICAL CENTER PHARMACY OF DURANT INC,ADVANCED CARE MEDICAL EQUIPMENT OF,1201 ARLINGTON ST,,ADA,OK,74820,,(580)436-6060,,Automatic External Defibrillators (AEDS),N
,,MEDICAL CENTER PHARMACY OF DURANT INC,ADVANCED CARE MEDICAL EQUIPMENT OF,908 N ROCKFORD RD,STE J,ARDMORE,OK,73401,,(580)223-6471,,Automatic External Defibrillators (AEDS),N
,,RALEYS,RALEY'S PHARMACY #308,3430 TULLY RD,,MODESTO,CA,95350,,(209)527-4600,,Automatic External Defibrillators (AEDS),N
,,RALEYS,RALEY'S PHARMACY #332,3001 TRAVIS BLVD,,FAIRFIELD,CA,94534,,(707)429-8310,,Automatic External Defibrillators (AEDS),N
,,APRIA HEALTHCARE LLC,APRIA HEALTHCARE LLC,534W PINE ST,,FARMINGTON,MO,63640,,(573)756-6762,,Automatic External Defibrillators (AEDS),N
,,APRIA HEALTHCARE LLC,APRIA HEALTHCARE LLC,811 LAUKAPU ST,STE 9,HILO,HI,96720,,(808)969-1211,,Automatic External Defibrillators (AEDS),N
,,APRIA HEALTHCARE LLC,APRIA HEALTHCARE LLC,5000 TREMONT AVE,STE 101,DAVENPORT,IA,52807,,(563)388-9530,,Automatic External Defibrillators (AEDS),N
,,APRIA HEALTHCARE LLC,APRIA HEALTHCARE LLC,6503W HOOD PL A,,KENNEWICK,WA,99336,,(509)783-8413,,Automatic External Defibrillators (AEDS),N
,,APRIA HEALTHCARE LLC,APRIA HEALTHCARE LLC,5151 STARKEY RD,STE B,ROANOKE,VA,24018,,(540)772-0411,,Automatic External Defibrillators (AEDS),N
,,APRIA HEALTHCARE LLC,APRIA HEALTHCARE LLC,2050 VISTA SEAVE 100-110,,SALEM,OR,97302,,(503)480-1100,,Automatic External Defibrillators (AEDS),N
,,APRIA HEALTHCARE LLC,APRIA HEALTHCARE LLC,3443 PARKWAY CENTER CT,,ORLANDO,FL,32808,,(407)297-0100,,Automatic External Defibrillators (AEDS),N
,,APRIA HEALTHCARE LLC,APRIA HEALTHCARE LLC,14 INDUSTRIAL DRIVE,STE 1 AND 3,DUBOIS,PA,15801,,(814)626-7073,,Automatic External Defibrillators (AEDS),N
,,APRIA HEALTHCARE LLC,APRIA HEALTHCARE LLC,10090 WILLOW CREEK RD,,SAN DIEGO,CA,92131,,(858)653-6800,,Automatic External Defibrillators (AEDS),N
,,APRIA HEALTHCARE LLC,APRIA HEALTHCARE LLC,10318 SANTA FE SPRINGS RD,,SANTA FE SPRINGS,CA,90670,,(562)222-2245,,Automatic External Defibrillators (AEDS),N
,,APRIA HEALTHCARE LLC,APRIA HEALTHCARE LLC,2021 BROOKSIDE LN,,KINGSPORT,TN,37660,,(423)247-4277,,Automatic External Defibrillators (AEDS),N
,,APRIA HEALTHCARE LLC,APRIA HEALTHCARE INC,4295 BUSINESS DR,,SHINGLE SPRINGS,CA,95682,,(530)677-2701,,Automatic External Defibrillators (AEDS),N
,,APRIA HEALTHCARE LLC,APRIA HEALTHCARE LLC,2975 HIGHWAY 45 BYP A,,JACKSON,TN,38305,,(731)668-7611,,Automatic External Defibrillators (AEDS),N
,,APRIA HEALTHCARE LLC,APRIA HEALTHCARE LLC,1828 MIDPARK RD A,,KNOXVILLE,TN,37921,,(865)588-5396,,Automatic External Defibrillators (AEDS),N
,,APRIA HEALTHCARE LLC,APRIA HEALTHCARE LLC,4740 E SHELBY DR,STE 104,MEMPHIS,TN,38118,,(901)368-1200,,Automatic External Defibrillators (AEDS),N
,,APRIA HEALTHCARE LLC,APRIA HEALTHCARE LLC,5959 SHALLOWFORD RD 545,,CHATTANOOGA,TN,37421,,(423)499-0212,,Automatic External Defibrillators (AEDS),N
,,APRIA HEALTHCARE LLC,APRIA HEALTHCARE LLC,1075 MARTHA GLASS DR,,JEFFERSON CITY,TN,37760,,(865)475-8953,,Automatic External Defibrillators (AEDS),N
,,APRIA HEALTHCARE LLC,APRIA HEALTHCARE LLC,10385 IRONWOOD RD 140,,PALM BEACH GARDENS,FL,33410,,(561)471-3030,,Automatic External Defibrillators (AEDS),N
,,APRIA HEALTHCARE LLC,APRIA HEALTHCARE LLC,2730 AYLIFF RD,STE 102,NORFOLK,VA,23513,,(757)852-3929,,Automatic External Defibrillators (AEDS),N
,,APRIA HEALTHCARE LLC,APRIA HEALTHCARE LLC,1395 GREG ST,STE 113,SPARKS,NV,89431,,(775)352-7742,,Automatic External Defibrillators (AEDS),N
,,APRIA HEALTHCARE LLC,APRIA HEALTHCARE LLC,2891 BENEDUM DR,,BRIDGEPORT,WV,26330,,(304)842-9580,,Automatic External Defibrillators (AEDS),N
,,APRIA HEALTHCARE LLC,APRIA HEALTHCARE LLC,11634 CLEAR CREEK NWRD 100,,SILVERDALE,WA,98383,,(360)698-0552,,Automatic External Defibrillators (AEDS),N
,,APRIA HEALTHCARE LLC,APRIA HEALTHCARE LLC,1805S 24TH AVE A,,YAKIMA,WA,98902,,(509)452-1730,,Automatic External Defibrillators (AEDS),N
,,APRIA HEALTHCARE LLC,APRIA HEALTHCARE LLC,11414 E 51ST ST,# F,TULSA,OK,74146,,(918)252-7082,,Automatic External Defibrillators (AEDS),N
,,APRIA HEALTHCARE LLC,APRIA HEALTHCARE LLC,6025W RENO AVE E-F,,OKLAHOMA CITY,OK,73127,,(405)495-1919,,Automatic External Defibrillators (AEDS),N
,,APRIA HEALTHCARE LLC,APRIA HEALTHCARE,7514 MURRAY DR,,STOCKTON,CA,95210,,(209)475-6860,,Automatic External Defibrillators (AEDS),N
,,APRIA HEALTHCARE LLC,APRIA HEALTHCARE INC,2580 LANDON DR H,,BULLHEAD CITY,AZ,86429,,(928)763-7787,,Automatic External Defibrillators (AEDS),N
,,APRIA HEALTHCARE LLC,APRIA HEALTHCARE LLC,941 PARKWOOD DR,,ROLLA,MO,65401,,(573)364-3931,,Automatic External Defibrillators (AEDS),N
,,APRIA HEALTHCARE LLC,APRIA HEALTHCARE LLC,903N BLOOMINGTON ST 101B,,LOWELL,AR,72745,,(479)770-0813,,Automatic External Defibrillators (AEDS),N
,,APRIA HEALTHCARE LLC,APRIA HEALTHCARE LLC,860 OSAGE ST,,SIDNEY,NE,69162,,(308)254-0889,,Automatic External Defibrillators (AEDS),N
,,APRIA HEALTHCARE LLC,APRIA HEALTHCARE LLC,4739 MAIN STREET,#5 AND #6,SPRINGFIELD,OR,97478,,(541)747-2300,,Automatic External Defibrillators (AEDS),N
,,APRIA HEALTHCARE LLC,APRIA HEALTHCARE LLC,175 E CROSSROADS PKWY,STE F,BOLINGBROOK,IL,60440,,(331)803-4636,,Automatic External Defibrillators (AEDS),N
,,APRIA HEALTHCARE LLC,APRIA HEALTHCARE LLC,73 ENTERPRISE DR,STE A&B,PENDERGRASS,GA,30567,,(706)983-4017,,Automatic External Defibrillators (AEDS),N
,,APRIA HEALTHCARE LLC,APRIA HEALTHCARE LLC,2456 FORTUNE DR 130,,LEXINGTON,KY,40509,,(859)276-0663,,Automatic External Defibrillators (AEDS),N
,,APRIA HEALTHCARE LLC,APRIA HEALTHCARE INC,6605 ROYAL ST,,PLEASANT VALLEY,MO,64068,,(816)781-1119,,Automatic External Defibrillators (AEDS),N
,,APRIA HEALTHCARE LLC,APRIA HEALTHCARE LLC,11125 EASTEX FWY,,BEAUMONT,TX,77708,,(409)832-6080,,Automatic External Defibrillators (AEDS),N
,,APRIA HEALTHCARE LLC,APRIA HEALTHCARE LLC,1709 MARTHA BERRY NW,STE 100,ROME,GA,30165,,(706)232-0610,,Automatic External Defibrillators (AEDS),N
,,APRIA HEALTHCARE LLC,APRIA HEALTHCARE LLC,10303 COLONEL GLENN RD 1B,,LITTLE ROCK,AR,72204,,(501)227-9020,,Automatic External Defibrillators (AEDS),N
,,APRIA HEALTHCARE LLC,APRIA HEALTHCARE LLC,2980 VOYAGER DR 2982,,GREEN BAY,WI,54311,,(920)469-4800,,Automatic External Defibrillators (AEDS),N
,,APRIA HEALTHCARE LLC,APRIA HEALTHCARE LLC,2021 KERN AVE,,RICE LAKE,WI,54868,,(715)234-6961,,Automatic External Defibrillators (AEDS),N
,,APRIA HEALTHCARE LLC,APRIA HEALTHCARE LLC,113S WESTWOOD BLVD,,POPLAR BLUFF,MO,63901,,(573)686-2755,,Automatic External Defibrillators (AEDS),N
,,APRIA HEALTHCARE LLC,APRIA HEALTHCARE LLC,805 MARATHON PKWY,STE 160,LAWRENCEVILLE,GA,30046,,(678)584-0635,,Automatic External Defibrillators (AEDS),N
,,APRIA HEALTHCARE LLC,APRIA HEALTHCARE LLC,601 CAMPUS DR,STE 10,NEW BRIGHTON,MN,55112,,(651)523-8888,,Automatic External Defibrillators (AEDS),N
,,APRIA HEALTHCARE LLC,APRIA HEALTHCARE LLC,8910 OAK GROVE RD,,FORT WORTH,TX,76140,,(817)945-3755,,Automatic External Defibrillators (AEDS),N
,,APRIA HEALTHCARE LLC,APRIA HEALTHCARE INC,91 DIDION DR,,SAINT PETERS,MO,63376,,(636)397-7990,,Automatic External Defibrillators (AEDS),N
,,APRIA HEALTHCARE LLC,APRIA HEALTHCARE LLC,1389W US HIGHWAY 90 150,,LAKE CITY,FL,32055,,(386)752-6348,,Automatic External Defibrillators (AEDS),N
,,APRIA HEALTHCARE LLC,APRIA HEALTHCARE LLC,5920SW25TH ST,,OCALA,FL,34474,,(352)368-1055,,Automatic External Defibrillators (AEDS),N
,,APRIA HEALTHCARE LLC,APRIA HEALTHCARE LLC,2777 MICCOSUKEE RD 4,,TALLAHASSEE,FL,32308,,(850)383-1188,,Automatic External Defibrillators (AEDS),N
,,APRIA HEALTHCARE LLC,APRIA HEALTHCARE LLC,233 STEWART RD 239,,HANOVER TOWNSHIP,PA,18706,,(570)831-7400,,Automatic External Defibrillators (AEDS),N
,,APRIA HEALTHCARE LLC,APRIA HEALTHCARE INC,818 MAIN ST,STE H AND I,SALMON,ID,83467,,(208)756-4794,,Automatic External Defibrillators (AEDS),N
,,APRIA HEALTHCARE LLC,APRIA HEALTHCARE LLC,5443 DONALD RD A,,GRAYLING,MI,49738,,(989)344-9922,,Automatic External Defibrillators (AEDS),N
,,"CARE MEDICAL OF ATHENS, INC.","CARE MEDICAL OF ATHENS, INC.",1242 PRINCE AVE,,ATHENS,GA,30606,,(706)354-4136,,Automatic External Defibrillators (AEDS),N
,,WESTPORT APOTHECARY INC,WESTPORT APOTHECARY INC,784 MAIN RD,,WESTPORT,MA,02790,,(508)636-5957,,Automatic External Defibrillators (AEDS),N
,,"WEST HOME HEALTH CARE, INC",WEST HOME HEALTH CARE INC,2026 DABNEY RD,STE C,RICHMOND,VA,23230,,(804)353-7703,,Automatic External Defibrillators (AEDS),N
,,"HERRON & SMITH, INC.",HERRON AND SMITH INC,8 INDUSTRIAL PARK DR,UNIT 20,HOOKSETT,NH,03106,,(603)627-8500,,Automatic External Defibrillators (AEDS),N
,,CORNELL SURGICAL CO,CORNELL SURGICAL CO,30 NEW BRIDGE RD,,BERGENFIELD,NJ,07621,,(201)384-9000,,Automatic External Defibrillators (AEDS),N
,,SLAKOPER INC,MAT'S PHARMACY,701 BRISTOL PIKE,,CROYDON,PA,19021,,(215)785-3537,,Automatic External Defibrillators (AEDS),N
,,BEGGS PHARMACY INC,BEGGS PHARMACY,200 S ADAIR ST,,PRYOR,OK,74361,,(918)825-3059,,Automatic External Defibrillators (AEDS),N
,,"NORCO, INC.",NORCO INC,1911 MEADOWLARK LN,STE A,BUTTE,MT,59701,,(406)494-1349,,Automatic External Defibrillators (AEDS),N
,,TRICOREX INC,HEALTHCARE EQUIPMENT & SUPPLY CO,628 OLD SAINT MARYS RD,,PERRYVILLE,MO,63775,,(573)547-4526,,Automatic External Defibrillators (AEDS),N
,,TRICOREX INC,"TRICOREX, INC",1505 N MARKET ST,STE 9,SPARTA,IL,62286,,(618)443-4325,,Automatic External Defibrillators (AEDS),N
,,TRICOREX INC,TRICOREX INC,435 W MAIN ST,,JACKSON,MO,63755,,(573)204-1628,,Automatic External Defibrillators (AEDS),N
,,TRICOREX INC,"TRICOREX, INC",918 VALLEY CREEK DR,,FARMINGTON,MO,63640,,(573)701-0044,,Automatic External Defibrillators (AEDS),N
,,ARMSCARE INC,ARMSCARE INC,85 GLADE DR,,KITTANNING,PA,16201,,(724)545-3200,,Automatic External Defibrillators (AEDS),N
,,GOULD'S DISCOUNT MEDICAL INC.,GOULD'S DISCOUNT MEDICAL INC.,3901 DUTCHMANS LN,STE 100,LOUISVILLE,KY,40207,,(502)491-2000,,Automatic External Defibrillators (AEDS),N
,,GOULD'S DISCOUNT MEDICAL INC.,GOULD'S DISCOUNT MEDICAL,6802 DIXIE HWY,,LOUISVILLE,KY,40258,,(502)286-9770,,Automatic External Defibrillators (AEDS),N
,,GOULD'S DISCOUNT MEDICAL INC.,GOULD'S DISCOUNT MEDICAL INC,118 PATRIOT DR,STE 101,BARDSTOWN,KY,40004,,(502)286-9770,,Automatic External Defibrillators (AEDS),N
,,GOULD'S DISCOUNT MEDICAL INC.,GOULDS DISCOUNT MEDICAL INC.,504 E LEWIS AND CLARK PKWY,,CLARKSVILLE,IN,47129,,(812)282-5200,,Automatic External Defibrillators (AEDS),N
,,GOULD'S DISCOUNT MEDICAL INC.,GOULD'S DISCOUNT MEDICAL,198 MOORE DR,STE 106,LEXINGTON,KY,40503,,(859)721-1732,,Automatic External Defibrillators (AEDS),N
,,GOULD'S DISCOUNT MEDICAL INC.,GOULD'S DISCOUNT MEDICAL,2408 RING RD,STE 600,ELIZABETHTOWN,KY,42701,,(270)506-0033,,Automatic External Defibrillators (AEDS),N
,,GARRETTS PHARMACY INC,CLARKRANGE DRUG CENTER,6404 S YORK HWY,,CLARKRANGE,TN,38553,,(931)863-3779,,Automatic External Defibrillators (AEDS),N
,,ALLINA HEALTH SYSTEM,ALLINA HEALTH SYSTEM,701 DELLWOOD S ST,,CAMBRIDGE,MN,55008,,(763)689-7809,,Automatic External Defibrillators (AEDS),N
,,DIAMOND DRUGS INC,DIAMOND MEDICAL SUPPLY,639 KOLTER DR,,INDIANA,PA,15701,,(724)349-2830,,Automatic External Defibrillators (AEDS),N
,,APRIA HEALTHCARE LLC,APRIA HEALTHCARE LLC,5785 STODDARD RD,BLDG 16,MODESTO,CA,95356,,(209)548-4400,,Automatic External Defibrillators (AEDS),N
,,DASCO HME LLC,DASCO HME,375 N WEST ST,,WESTERVILLE,OH,43082,,(614)901-2226,,Automatic External Defibrillators (AEDS),N
,,AMITA CORP,KOMISHANES PHARMACY,199 STUYVESANT AVE,,NEWARK,NJ,07106,,(973)399-0900,,Automatic External Defibrillators (AEDS),N
,,DASCO HME LLC,DASCO HOME MEDICAL EQUIPMENT,1054 BELLEFONTAINE AVE,STE A,LIMA,OH,45804,,(419)224-1135,,Automatic External Defibrillators (AEDS),N
,,DASCO HME LLC,DASCO HOME MEDICAL EQUIPMENT,8125 UEHLING LANE,,HUBER HEIGHTS,OH,45424,,(937)836-4162,,Automatic External Defibrillators (AEDS),N
,,DASCO HME LLC,DASCO HME,1021 NATIONAL RD,STE 600,WHEELING,WV,26003,,(740)633-3510,,Automatic External Defibrillators (AEDS),N
,,DASCO HME LLC,DASCO HOME MEDICAL EQUIPMENT,653 MCCORKLE BLVD,STE F,WESTERVILLE,OH,43082,,(614)392-4339,,Automatic External Defibrillators (AEDS),N
,,RIVERSIDE MEDICAL INC,RIVERSIDE MEDICAL INC,275 EUREKA ST,,SAVANNAH,TN,38372,,(731)926-2677,,Automatic External Defibrillators (AEDS),N
,,RIVERSIDE MEDICAL INC,RIVERSIDE MEDICAL INC,105 LEE PARKWAY DR,STE C,CHATTANOOGA,TN,37421,,(423)417-1310,,Automatic External Defibrillators (AEDS),N
,,AFFORDABLE HOME HEALTH CARE INC,AFFORDABLE MEDICAL,501 W KINGSHIGHWAY,,PARAGOULD,AR,72450,,(870)239-0997,,Automatic External Defibrillators (AEDS),N
,,AFFORDABLE HOME HEALTH CARE INC,AFFORDABLE MEDICAL,4707 E JOHNSON AVE,,JONESBORO,AR,72401,,(870)972-5900,,Automatic External Defibrillators (AEDS),N
,,AFFORDABLE HOME HEALTH CARE INC,AFFORDABLE MEDICAL,308 W MAIN ST,,WALNUT RIDGE,AR,72476,,(870)886-1260,,Automatic External Defibrillators (AEDS),N
,,"BLACK BEAR MEDICAL, INC.",BLACK BEAR MEDICAL INC,275 MARGINAL WAY,,PORTLAND,ME,04101,,(207)871-0008,,Automatic External Defibrillators (AEDS),N
,,SAFEWAY MEDICAL CORPORATION,SAFEWAY MEDICAL SUPPLY,1009 WESTHEIMER RD,STE A,HOUSTON,TX,77006,,(713)807-9922,,Automatic External Defibrillators (AEDS),N
,,MMS EQUIPMENT OF DALLAS CENTRAL INC.,MAJORS MEDICAL SUPPLY,2601 W MOCKINGBIRD LN,STE 101,DALLAS,TX,75235,,(214)951-9710,,Automatic External Defibrillators (AEDS),N
,,"HEALTH AID COMPANY, INC.",HEALTH AID CO INC,4502 N ARMENIA AVE,,TAMPA,FL,33603,,(813)879-7552,,Automatic External Defibrillators (AEDS),N
,,PATIENT-AIDS INC.,PATIENT AIDS INC,100 CROSSING DR,,WILDER,KY,41076,,(859)441-8876,,Automatic External Defibrillators (AEDS),N
,,PATIENT-AIDS INC.,PATIENT-AIDS -LEXINGTON,3158 MAPLELEAF DR,,LEXINGTON,KY,40509,,(859)388-9002,,Automatic External Defibrillators (AEDS),N
,,PATIENT-AIDS INC.,PATIENT AIDS INC,1488 OLD LEBANON RD,STE C,CAMPBELLSVILLE,KY,42718,,(270)299-2067,,Automatic External Defibrillators (AEDS),N
,,PATIENT-AIDS INC.,PATIENT AIDS INC,4901 CENTURY PLAZA RD,,INDIANAPOLIS,IN,46254,,(317)841-0202,,Automatic External Defibrillators (AEDS),N
,,PATIENT-AIDS INC.,PATIENTS AIDS INC,5637 CREEK RD,,BLUE ASH,OH,45242,,(513)984-8876,,Automatic External Defibrillators (AEDS),N
,,APRIA HEALTHCARE LLC,APRIA HEALTHCARE LLC,1234 COMMERCE SWST,,CONOVER,NC,28613,,(828)466-0323,,Automatic External Defibrillators (AEDS),N
,,APRIA HEALTHCARE LLC,APRIA HEALTHCARE INC,2222 TETON PLAZA,SUITE 1,IDAHO FALLS,ID,83404,,(208)523-0300,,Automatic External Defibrillators (AEDS),N
,,APRIA HEALTHCARE LLC,APRIA HEALTHCARE LLC,771 FENTRESS BLVD,STE 1F,DAYTONA BEACH,FL,32114,,(386)677-4554,,Automatic External Defibrillators (AEDS),N
,,APRIA HEALTHCARE LLC,APRIA HEALTHCARE LLC,407 DEVONSHIRE DR,,CHAMPAIGN,IL,61820,,(217)352-7483,,Automatic External Defibrillators (AEDS),N
,,APRIA HEALTHCARE LLC,APRIA HEALTHCARE LLC,401 S BANKER ST,STE A&B,EFFINGHAM,IL,62401,,(217)347-5212,,Automatic External Defibrillators (AEDS),N
,,APRIA HEALTHCARE LLC,APRIA HEALTHCARE LLC,95 MAIN ST,,BRADFORD,PA,16701,,(814)362-3235,,Automatic External Defibrillators (AEDS),N
,,APRIA HEALTHCARE LLC,APRIA HEALTHCARE LLC,804 FAIRFIELD RD,STE 1,MONTOURSVILLE,PA,17754,,(570)323-1382,,Automatic External Defibrillators (AEDS),N
,,APRIA HEALTHCARE LLC,APRIA HEALTHCARE LLC,22A BRIARCREST SQ,,HERSHEY,PA,17033,,(717)533-8466,,Automatic External Defibrillators (AEDS),N
,,APRIA HEALTHCARE LLC,APRIA HEALTHCARE LLC,1450 EXPO PKWY,STE D,SACRAMENTO,CA,95815,,(916)921-1162,,Automatic External Defibrillators (AEDS),N
,,APRIA HEALTHCARE LLC,APRIA HEALTHCARE,12981 LOMA RICA DR,,GRASS VALLEY,CA,95945,,(530)273-7237,,Automatic External Defibrillators (AEDS),N
,,APRIA HEALTHCARE LLC,APRIA HEALTHCARE LLC,799N CASHUA DR,,FLORENCE,SC,29501,,(843)665-6294,,Automatic External Defibrillators (AEDS),N
,,APRIA HEALTHCARE LLC,APRIA HEALTHCARE,1010 FRANKLIN DR,STE 4,SMOCK,PA,15480,,(724)425-1986,,Automatic External Defibrillators (AEDS),N
,,APRIA HEALTHCARE LLC,APRIA HEALTHCARE LLC,1626 AMERICAN WAY,,MYRTLE BEACH,SC,29577,,(843)213-3600,,Automatic External Defibrillators (AEDS),N
,,APRIA HEALTHCARE LLC,APRIA HEALTHCARE INC,1000 BUSINESS CENTER DRIVE,SUITE 10,SAVANNAH,GA,31405,,(912)443-4612,,Automatic External Defibrillators (AEDS),N
,,APRIA HEALTHCARE LLC,APRIA HEALTHCARE LLC,802 134TH SWST 120,,EVERETT,WA,98204,,(425)745-9062,,Automatic External Defibrillators (AEDS),N
,,APRIA HEALTHCARE LLC,APRIA HEALTHCARE LLC,405 BLACK HILLS LN SW,STE A,OLYMPIA,WA,98502,,(360)352-1753,,Automatic External Defibrillators (AEDS),N
,,APRIA HEALTHCARE LLC,APRIA HEALTHCARE INC,610 S DOUGLAS ST,,EL SEGUNDO,CA,90245,,(310)297-6998,,Automatic External Defibrillators (AEDS),N
,,APRIA HEALTHCARE LLC,APRIA HEALTHCARE INC,2530 JASON CT,,OCEANSIDE,CA,92056,,(760)724-9491,,Automatic External Defibrillators (AEDS),N
,,APRIA HEALTHCARE LLC,APRIA HEALTHCARE,329 GEES MILL BUSINESS PKWY NE,STE 80,CONYERS,GA,30013,,(770)761-6706,,Automatic External Defibrillators (AEDS),N
,,APRIA HEALTHCARE LLC,APRIA HEALTHCARE LLC,1165 ALLGOOD RD,STE 19,MARIETTA,GA,30062,,(770)565-0311,,Automatic External Defibrillators (AEDS),N
,,APRIA HEALTHCARE LLC,APRIA HEALTHCARE LLC,1016S NORTHPOINT BLVD,,WAUKEGAN,IL,60085,,(847)473-0739,,Automatic External Defibrillators (AEDS),N
,,APRIA HEALTHCARE LLC,APRIA HEALTHCARE LLC,38444 SKY CANYON DR 110,,MURRIETA,CA,92563,,(951)704-7928,,Automatic External Defibrillators (AEDS),N
,,APRIA HEALTHCARE LLC,APRIA HEALTHCARE LLC,2292 RALEIGH CT,,CLARKSVILLE,TN,37043,,(931)648-9889,,Automatic External Defibrillators (AEDS),N
,,APRIA HEALTHCARE LLC,APRIA HEALTHCARE LLC,2944N GOVERNMENT WAY,,COEUR D ALENE,ID,83815,,(208)667-1195,,Automatic External Defibrillators (AEDS),N
,,APRIA HEALTHCARE LLC,APRIA HEALTHCARE LLC,251N MAIN ST B,,COLVILLE,WA,99114,,(509)684-4243,,Automatic External Defibrillators (AEDS),N
,,APRIA HEALTHCARE LLC,APRIA HEALTHCARE LLC,300W 27TH ST,,WINSTON SALEM,NC,27105,,(336)722-1256,,Automatic External Defibrillators (AEDS),N
,,APRIA HEALTHCARE LLC,APRIA HEALTHCARE LLC,505 PECH RD 507,,MEDFORD,OR,97502,,(541)245-2400,,Automatic External Defibrillators (AEDS),N
,,APRIA HEALTHCARE LLC,APRIA HEALTHCARE LLC,226W CASTLE ST,,MURFREESBORO,TN,37129,,(615)893-4824,,Automatic External Defibrillators (AEDS),N
,,APRIA HEALTHCARE LLC,APRIA HEALTHCARE LLC,7367S REVERE PKWY 2C,,CENTENNIAL,CO,80112,,(303)649-2290,,Automatic External Defibrillators (AEDS),N
,,APRIA HEALTHCARE LLC,APRIA HEALTHCARE INC,4695 IVEY DR,STE B,MACON,GA,31206,,(478)757-8196,,Automatic External Defibrillators (AEDS),N
,,APRIA HEALTHCARE LLC,APRIA HEALTHCARE LLC,4806 TECHNOLOGY DR,,MARTINEZ,GA,30907,,(706)868-8806,,Automatic External Defibrillators (AEDS),N
,,APRIA HEALTHCARE LLC,APRIA HEALTHCARE LLC,815 COURT ST,UNIT 2,KEENE,NH,03431,,(603)352-0227,,Automatic External Defibrillators (AEDS),N
,,APRIA HEALTHCARE LLC,APRIA HEALTHCARE LLC,620 PEVERLY HILL RD,"BLDG 2, UNIT B",PORTSMOUTH,NH,03801,,(603)430-0015,,Automatic External Defibrillators (AEDS),N
,,APRIA HEALTHCARE LLC,APRIA HEALTHCARE LLC,536 FIRESIDE CT A,,LAWRENCE,KS,66049,,(785)842-5587,,Automatic External Defibrillators (AEDS),N
,,APRIA HEALTHCARE LLC,APRIA HEALTHCARE INC,3905 BOHANNON DR,STE C-G,MENLO PARK,CA,94025,,(650)330-2420,,Automatic External Defibrillators (AEDS),N
,,APRIA HEALTHCARE LLC,APRIA HEALTHCARE LLC,1004 NORTH ST,,NACOGDOCHES,TX,75961,,(936)564-2265,,Automatic External Defibrillators (AEDS),N
,,APRIA HEALTHCARE LLC,APRIA HEALTHCARE LLC,4040W NEWBERRY RD 1200,,GAINESVILLE,FL,32607,,(352)374-4227,,Automatic External Defibrillators (AEDS),N
,,APRIA HEALTHCARE LLC,APRIA HEALTHCARE LLC,3416 JENKS AVE,,PANAMA CITY,FL,32405,,(850)747-8070,,Automatic External Defibrillators (AEDS),N
,,APRIA HEALTHCARE LLC,APRIA HEALTHCARE INC,8550 N 91ST AVE,BLDG H STE 85-89,PEORIA,AZ,85345,,(623)872-1392,,Automatic External Defibrillators (AEDS),N
,,APRIA HEALTHCARE LLC,APRIA HEALTHCARE LLC,1459 INTERSTATE DR B,,COOKEVILLE,TN,38501,,(931)520-7005,,Automatic External Defibrillators (AEDS),N
,,APRIA HEALTHCARE LLC,APRIA HEALTHCARE INC,9876 HAWTHORNE DR,,RANCHO CUCAMONGA,CA,91730,,(909)476-5000,,Automatic External Defibrillators (AEDS),N
,,APRIA HEALTHCARE LLC,APRIA HEALTHCARE LLC,9400 KIRBY DR,,HOUSTON,TX,77054,,(713)440-8537,,Automatic External Defibrillators (AEDS),N
,,APRIA HEALTHCARE LLC,APRIA HEALTHCARE LLC,73 EASTERN STEEL RD,,MILFORD,CT,06460,,(203)877-2249,,Automatic External Defibrillators (AEDS),N
,,APRIA HEALTHCARE LLC,APRIA HEALTCARE INC,2085 S BLUE JAY DR,STE 106,GILBERT,AZ,85295,,(480)988-2955,,Automatic External Defibrillators (AEDS),N
,,APRIA HEALTHCARE LLC,APRIA HEALTHCARE LLC,244 COX ST,,ROSELLE,NJ,07203,,(908)793-0034,,Automatic External Defibrillators (AEDS),N
,,APRIA HEALTHCARE LLC,APRIA HEALTHCARE INC,11880 W PRESIDENT DR,STE E,BOISE,ID,83713,,(208)322-2372,,Automatic External Defibrillators (AEDS),N
,,APRIA HEALTHCARE LLC,APRIA HEALTHCARE INC,1022N LAKE ST,,BURBANK,CA,91502,,(818)446-7200,,Automatic External Defibrillators (AEDS),N
,,APRIA HEALTHCARE LLC,APRIA HEALTHCARE LLC,60S 700 E 1,,PRICE,UT,84501,,(435)637-9500,,Automatic External Defibrillators (AEDS),N
,,APRIA HEALTHCARE LLC,APRIA HEALTHCARE LLC,206W 36TH ST,,OGDEN,UT,84405,,(801)394-4000,,Automatic External Defibrillators (AEDS),N
,,APRIA HEALTHCARE LLC,APRIA HEALTHCARE LLC,2350 FREEDOM WAY,# 106,YORK,PA,17402,,(717)741-3222,,Automatic External Defibrillators (AEDS),N
,,APRIA HEALTHCARE LLC,APRIA HEALTHCARE LLC,400N GENEVA RD F,,LINDON,UT,84042,,(801)785-1000,,Automatic External Defibrillators (AEDS),N
,,APRIA HEALTHCARE LLC,APRIA HEALTHCARE INC,990 KLAMATH LN,STE 11,YUBA CITY,CA,95993,,(530)673-5513,,Automatic External Defibrillators (AEDS),N
,,APRIA HEALTHCARE LLC,APRIA HEALTHCARE INC,6680 LOCKHEED DR,STE 100,REDDING,CA,96002,,(530)221-0202,,Automatic External Defibrillators (AEDS),N
,,APRIA HEALTHCARE LLC,APRIA HEALTHCARE INC,414 19TH ST,,BAKERSFIELD,CA,93301,,(661)324-4887,,Automatic External Defibrillators (AEDS),N
,,APRIA HEALTHCARE LLC,APRIA HEALTHCARE INC,4551 S WHITE MOUNTAIN RD,STE 4,SHOW LOW,AZ,85901,,(928)537-7330,,Automatic External Defibrillators (AEDS),N
,,APRIA HEALTHCARE LLC,APRIA HEALTHCARE LLC,2577 S AVENUE 2 1/2 E,STE B,YUMA,AZ,85365,,(928)782-6509,,Automatic External Defibrillators (AEDS),N
,,APRIA HEALTHCARE LLC,APRIA HEALTHCARE LLC,4202 S SANTA RITA AVE,,TUCSON,AZ,85714,,(520)295-5980,,Automatic External Defibrillators (AEDS),N
,,APRIA HEALTHCARE LLC,APRIA HEALTHCARE INC,604 E COLLEGE BLVD,,ROSWELL,NM,88201,,(505)622-4747,,Automatic External Defibrillators (AEDS),N
,,APRIA HEALTHCARE LLC,APRIA HEALTHCARE LLC,1570 PACHECO ST,STE D6,SANTA FE,NM,87505,,(505)982-2901,,Automatic External Defibrillators (AEDS),N
,,APRIA HEALTHCARE LLC,APRIA HEALTHCARE LLC,5102 20TH E ST 103,,FIFE,WA,98424,,(253)922-3200,,Automatic External Defibrillators (AEDS),N
,,APRIA HEALTHCARE LLC,APRIA HEALTHCARE LLC,5480 CLOVERLEAF PKWY,STE 4&5,VALLEY VIEW,OH,44125,,(216)485-1180,,Automatic External Defibrillators (AEDS),N
,,APRIA HEALTHCARE LLC,APRIA HEALTHCARE LLC,2325 COMMERCE POINT DR 150,,LAKELAND,FL,33801,,(863)665-0308,,Automatic External Defibrillators (AEDS),N
,,APRIA HEALTHCARE LLC,APRIA HEALTHCARE LLC,33 BRENT LN 100,,PENSACOLA,FL,32503,,(850)433-7434,,Automatic External Defibrillators (AEDS),N
,,APRIA HEALTHCARE LLC,APRIA HEALTHCARE LLC,327 INTERSTATE BLVD,,SARASOTA,FL,34240,,(941)377-5350,,Automatic External Defibrillators (AEDS),N
,,APRIA HEALTHCARE LLC,APRIA HEALTHCARE LLC,13891 JETPORT LOOP,STE 3&4,FORT MYERS,FL,33913,,(239)225-1264,,Automatic External Defibrillators (AEDS),N
,,APRIA HEALTHCARE LLC,APRIA HEALTHCARE LLC,6325 CORPORATE DR,,COLORADO SPRINGS,CO,80919,,(719)262-2600,,Automatic External Defibrillators (AEDS),N
,,APRIA HEALTHCARE LLC,APRIA HEALTHCARE LLC,10141 USA TODAY WAY,,MIRAMAR,FL,33025,,(954)450-7270,,Automatic External Defibrillators (AEDS),N
,,APRIA HEALTHCARE LLC,APRIA HEALTHCARE LLC,1005W 6TH ST,,PUEBLO,CO,81003,,(719)545-1690,,Automatic External Defibrillators (AEDS),N
,,APRIA HEALTHCARE LLC,APRIA HEALTHCARE INC,12123 INDUSTRIPLEX BLVD,,BATON ROUGE,LA,70809,,(225)751-8668,,Automatic External Defibrillators (AEDS),N
,,APRIA HEALTHCARE LLC,APRIA HEALTHCARE LLC,2535 BERT KOUNS INDUSTRIAL LOOP,STES 225 C & D,SHREVEPORT,LA,71118,,(318)631-6701,,Automatic External Defibrillators (AEDS),N
,,APRIA HEALTHCARE LLC,APRIA HEALTHCARE LLC,17890 NE AIRPORT WAY,STE 170,PORTLAND,OR,97230,,(503)258-2200,,Automatic External Defibrillators (AEDS),N
,,APRIA HEALTHCARE LLC,APRIA HEALTHCARE LLC,14935 NE 87TH ST,,REDMOND,WA,98052,,(425)881-8500,,Automatic External Defibrillators (AEDS),N
,,APRIA HEALTHCARE LLC,APRIA HEALTHCARE LLC,411E NORTH FOOTHILLS DR 200,,SPOKANE,WA,99207,,(509)489-1000,,Automatic External Defibrillators (AEDS),N
,,APRIA HEALTHCARE LLC,APRIA HEALTHCARE LLC,709 W ORCHARD DR,STE 6&7,BELLINGHAM,WA,98225,,(360)738-8300,,Automatic External Defibrillators (AEDS),N
,,APRIA HEALTHCARE LLC,APRIA HEALTHCARE LLC,385S PIERCE AVE A,,LOUISVILLE,CO,80027,,(303)604-2249,,Automatic External Defibrillators (AEDS),N
,,APRIA HEALTHCARE LLC,APRIA HEALTHCARE LLC,6952 HIGH TECH DR,STE A,MIDVALE,UT,84047,,(801)261-5100,,Automatic External Defibrillators (AEDS),N
,,APRIA HEALTHCARE LLC,APRIA HEALTHCARE LLC,11500 PELLICANO DR C1,,EL PASO,TX,79936,,(915)594-8203,,Automatic External Defibrillators (AEDS),N
,,APRIA HEALTHCARE LLC,APRIA HEALTHCARE LLC,151S WALNUT ST B4,,LAS CRUCES,NM,88001,,(575)525-2494,,Automatic External Defibrillators (AEDS),N
,,APRIA HEALTHCARE LLC,APRIA HEALTHCARE LLC,5365 S ALKIRE CIR,STE 100,LITTLETON,CO,80127,,(720)943-6917,,Automatic External Defibrillators (AEDS),N
,,APRIA HEALTHCARE LLC,APRIA HEALTHCARE INC,1 LOWER RAGSDALE DR,"BLDG 3, STE 600",MONTEREY,CA,93940,,(831)655-4080,,Automatic External Defibrillators (AEDS),N
,,APRIA HEALTHCARE LLC,APRIA HEALTHCARE INC,1526 E MINERAL KING AVE,,VISALIA,CA,93292,,(559)732-6040,,Automatic External Defibrillators (AEDS),N
,,APRIA HEALTHCARE LLC,APRIA HEALTHCARE LLC,5712E FOUNTAIN WAY,,FRESNO,CA,93727,,(559)221-2251,,Automatic External Defibrillators (AEDS),N
,,APRIA HEALTHCARE LLC,APRIA HEALTHCARE INC,3028 ESPLANADE,STE G,CHICO,CA,95973,,(530)891-5226,,Automatic External Defibrillators (AEDS),N
,,APRIA HEALTHCARE LLC,APRIA HEALTHCARE LLC,701 TECHNOLOGY DR,STE 20,CANONSBURG,PA,15317,,(724)873-7720,,Automatic External Defibrillators (AEDS),N
,,APRIA HEALTHCARE LLC,APRIA HEALTHCARE INC,43301 DIVISION ST,STE 312,LANCASTER,CA,93535,,(661)949-3447,,Automatic External Defibrillators (AEDS),N
,,APRIA HEALTHCARE LLC,APRIA HEALTHCARE INC,3636 N LAUGHLIN RD,STE 190,SANTA ROSA,CA,95403,,(707)543-0979,,Automatic External Defibrillators (AEDS),N
,,APRIA HEALTHCARE LLC,APRIA HEALTHCARE LLC,311 INDUSTRIAL DR,,MINSTER,OH,45865,,(419)628-4496,,Automatic External Defibrillators (AEDS),N
,,APRIA HEALTHCARE LLC,APRIA HEALTHCARE LLC,2510 DEAN LESHER DR,STE D,CONCORD,CA,94520,,(925)827-8800,,Automatic External Defibrillators (AEDS),N
,,APRIA HEALTHCARE LLC,APRIA HEALTHCARE INC,480 CARLTON CT,,SOUTH SAN FRANCISCO,CA,94080,,(650)588-9744,,Automatic External Defibrillators (AEDS),N
,,APRIA HEALTHCARE LLC,APRIA HEALTHCARE LLC,1316N HASTINGS WAY B,,EAU CLAIRE,WI,54703,,(715)834-7517,,Automatic External Defibrillators (AEDS),N
,,APRIA HEALTHCARE LLC,APRIA HEALTHCARE LLC,1000 S BENTON DR,UNIT 413,SAUK RAPIDS,MN,56379,,(320)252-0655,,Automatic External Defibrillators (AEDS),N
,,APRIA HEALTHCARE LLC,APRIA HEALTHCARE LLC,4871 19TH ST NW,STE 100,ROCHESTER,MN,55901,,(507)285-0065,,Automatic External Defibrillators (AEDS),N
,,APRIA HEALTHCARE LLC,APRIA HEALTHCARE LLC,3401 HARTZDALE DR,STE 133,CAMP HILL,PA,17011,,(717)761-4630,,Automatic External Defibrillators (AEDS),N
,,APRIA HEALTHCARE LLC,APRIA HEALTHCARE LLC,2041 AVENUE C 400,,BETHLEHEM,PA,18017,,(610)266-6333,,Automatic External Defibrillators (AEDS),N
,,APRIA HEALTHCARE LLC,APRIA HEALTHCARE LLC,5471 W WATERS AVE,STE 175,TAMPA,FL,33634,,(813)885-5568,,Automatic External Defibrillators (AEDS),N
,,APRIA HEALTHCARE LLC,APRIA HEALTHCARE LLC,1510 KUEBEL ST,,NEW ORLEANS,LA,70123,,(504)734-0563,,Automatic External Defibrillators (AEDS),N
,,APRIA HEALTHCARE LLC,APRIA HEALTHCARE LLC,4351 NW URBANDALE DR,,URBANDALE,IA,50322,,(515)252-0577,,Automatic External Defibrillators (AEDS),N
,,APRIA HEALTHCARE LLC,APRIA HEALTHCARE LLC,5705 GENERAL WASHINGTON DR,# FG,ALEXANDRIA,VA,22312,,(703)642-3141,,Automatic External Defibrillators (AEDS),N
,,APRIA HEALTHCARE LLC,APRIA HEALTHCARE LLC,701 DIGITAL DR,STE AC,LINTHICUM,MD,21090,,(443)792-4496,,Automatic External Defibrillators (AEDS),N
,,APRIA HEALTHCARE LLC,APRIA HEALTHCARE LLC,2124 CITYGATE DR,,COLUMBUS,OH,43219,,(614)351-5920,,Automatic External Defibrillators (AEDS),N
,,APRIA HEALTHCARE LLC,APRIA HEALTHCARE LLC,118 BURRS RD C,,WESTAMPTON,NJ,08060,,(609)265-2190,,Automatic External Defibrillators (AEDS),N
,,APRIA HEALTHCARE LLC,APRIA HEALTHCARE LLC,6261SW9TH ST B,,TOPEKA,KS,66615,,(785)272-7191,,Automatic External Defibrillators (AEDS),N
,,APRIA HEALTHCARE LLC,APRIA HEALTHCARE LLC,2419S COLLEGE RD,,LAFAYETTE,LA,70508,,(337)269-4666,,Automatic External Defibrillators (AEDS),N
,,APRIA HEALTHCARE LLC,APRIA HEALTHCARE LLC,6533 PROMLER ST NW,,NORTH CANTON,OH,44720,,(330)319-2000,,Automatic External Defibrillators (AEDS),N
,,APRIA HEALTHCARE LLC,APRIA HEALTHCARE LLC,2450 SMITH ST I-K,,KISSIMMEE,FL,34744,,(407)297-0100,,Automatic External Defibrillators (AEDS),N
,,APRIA HEALTHCARE LLC,APRIA HEALTHCARE LLC,21A HEYMAN LN,,ALEXANDRIA,LA,71303,,(318)442-1133,,Automatic External Defibrillators (AEDS),N
,,APRIA HEALTHCARE LLC,APRIA HEALTHCARE INC,7929 RUFFNER AVE,,VAN NUYS,CA,91406,,(818)442-6100,,Automatic External Defibrillators (AEDS),N
,,APRIA HEALTHCARE LLC,APRIA HEALTHCARE LLC,125 JOHN ROBERTS RD,19A AND 20,SOUTH PORTLAND,ME,04106,,(207)245-6040,,Automatic External Defibrillators (AEDS),N
,,APRIA HEALTHCARE LLC,APRIA HEALTHCARE LLC,2157 BORDEN AVE,,LONG ISLAND CITY,NY,11101,,(718)361-2243,,Automatic External Defibrillators (AEDS),N
,,APRIA HEALTHCARE LLC,APRIA HEALTHCARE LLC,744 ULSTER AVE,,KINGSTON,NY,12401,,(845)336-3333,,Automatic External Defibrillators (AEDS),N
,,APRIA HEALTHCARE LLC,APRIA HEALTHCARE LLC,12 PETRA LN,STE 2,ALBANY,NY,12205,,(518)452-4951,,Automatic External Defibrillators (AEDS),N
,,APRIA HEALTHCARE LLC,APRIA HEALTHCARE LLC,3116 WATSON BLVD,,ENDWELL,NY,13760,,(607)754-3511,,Automatic External Defibrillators (AEDS),N
,,APRIA HEALTHCARE LLC,APRIA HEALTHCARE LLC,5 WESTCHESTER PLZ,,ELMSFORD,NY,10523,,(914)592-1410,,Automatic External Defibrillators (AEDS),N
,,APRIA HEALTHCARE LLC,APRIA HEALTHCARE LLC,1074 PULASKI ST 1,,RIVERHEAD,NY,11901,,(631)727-5490,,Automatic External Defibrillators (AEDS),N
,,APRIA HEALTHCARE LLC,APRIA HEALTHCARE LLC,265 EXECUTIVE DR,,PLAINVIEW,NY,11803,,(631)727-5490,,Automatic External Defibrillators (AEDS),N
,,APRIA HEALTHCARE LLC,APRIA HEALTHCARE LLC,1250 SCOTTSVILLE RD 80,,ROCHESTER,NY,14624,,(585)436-4910,,Automatic External Defibrillators (AEDS),N
,,APRIA HEALTHCARE LLC,APRIA HEALTHCARE LLC,254 WISNER AVE A,,MIDDLETOWN,NY,10940,,(845)342-0797,,Automatic External Defibrillators (AEDS),N
,,APRIA HEALTHCARE LLC,APRIA HEALTHCARE LLC,6103E MOLLOY RD,,EAST SYRACUSE,NY,13057,,(315)463-5217,,Automatic External Defibrillators (AEDS),N
,,APRIA HEALTHCARE LLC,APRIA HEALTHCARE LLC,8427 NE CORNELL RD,STE 600,HILLSBORO,OR,97124,,(503)716-1184,,Automatic External Defibrillators (AEDS),N
,,PZF CORP,PZF MANAGEMENT CO. INC,122N CENTRAL AVE,,VALLEY STREAM,NY,11580,,(516)812-6110,,Automatic External Defibrillators (AEDS),N
,,HEALTH AID DRUGS INC,HEALTH AID DRUGS INC,212 PALISADE AVE,,JERSEY CITY,NJ,07306,,(201)653-1441,,Automatic External Defibrillators (AEDS),N
,,"AIR-WAY MEDICAL, INC.",AIR WAY MEDICAL,437 E LINE ST,,BISHOP,CA,93514,,(760)872-1117,,Automatic External Defibrillators (AEDS),N
,,"MEDIDEX, INC",BACH MEDICAL SUPPLY,1711 E SUNSHINE ST,,SPRINGFIELD,MO,65804,,(417)883-1400,,Automatic External Defibrillators (AEDS),N
,,"MEDIDEX, INC",BACH MEDICAL SUPPLY,1765 S KENTWOOD,,SPRINGFIELD,MO,65804,,(417)447-3583,,Automatic External Defibrillators (AEDS),N
,,JAIROS MEDICAL EQUIPMENT INC.,"JAIROS MEDICAL EQUIPMENT, INC",1823 PONCE DE LEON BLVD,,CORAL GABLES,FL,33134,,(305)529-9976,,Automatic External Defibrillators (AEDS),N
,,BROWNING'S PHARMACY AND HEALTH CARE,BROWNING'S PHARMACY AND HEALTH CARE,141E HIBISCUS BLVD,,MELBOURNE,FL,32901,,(321)725-6320,,Automatic External Defibrillators (AEDS),N
,,BROWNING'S PHARMACY AND HEALTH CARE,BROWNINGS PHARMACY AND HEALTH CARE,13000 W COLONIAL DR,,WINTER GARDEN,FL,34787,,(407)650-9585,,Automatic External Defibrillators (AEDS),N
,,RUSSELL MEDICAL INC,RUSSELL MEDICAL INC,4410 DILLON LN,STE 17,CORPUS CHRISTI,TX,78415,,(361)808-7382,,Automatic External Defibrillators (AEDS),N
,,MDK VENTURES L.L.C.,MDK VENTURES,1180 JACARANDA BLVD,,VENICE,FL,34292,,(941)497-2273,,Automatic External Defibrillators (AEDS),N
,,MDK VENTURES L.L.C.,MEDICAL DEPARTMENT STORE,8595 COLLEGE PKWY,STE 170,FORT MYERS,FL,33919,,(239)482-6111,,Automatic External Defibrillators (AEDS),N
,,MDK VENTURES L.L.C.,MEDICAL DEPARTMENT STORE,4265 TAMIAMI TRL E,,PORT CHARLOTTE,FL,33980,,(941)743-6644,,Automatic External Defibrillators (AEDS),N
,,MDK VENTURES L.L.C.,MEDICAL DEPARTMENT STORE,3672 WEBBER ST,,SARASOTA,FL,34232,,(941)923-7556,,Automatic External Defibrillators (AEDS),N
,,PATERSON DRUG INC,PATERSON DRUG INC,430 MADISON AVE,,PATERSON,NJ,07524,,(973)278-5808,,Automatic External Defibrillators (AEDS),N
,,HUB'S HOME OXYGEN & MEDICAL SUPPLIES,HUBS HOME OXYGEN AND MEDICAL SUPPLI,740 HIGH ST 1002,,WILLIAMSPORT,PA,17701,,(570)326-6521,,Automatic External Defibrillators (AEDS),N
,,HUB'S HOME OXYGEN & MEDICAL SUPPLIES,HUB'S HOME OXYGEN & MEDICAL SUPPLIE,86 MAIN ST,,WELLSBORO,PA,16901,,(570)724-1515,,Automatic External Defibrillators (AEDS),N
,,HUB'S HOME OXYGEN & MEDICAL SUPPLIES,HUBS HOME OXYGEN AND MEDICAL SUPPLI,948 BELLEFONTE AVE,,LOCK HAVEN,PA,17745,,(570)893-7550,,Automatic External Defibrillators (AEDS),N
,,HUB'S HOME OXYGEN & MEDICAL SUPPLIES,HUB'S HOME OXYGEN & MEDICAL SUPPLIE,131 JPM RD,STE D,LEWISBURG,PA,17837,,(570)522-8060,,Automatic External Defibrillators (AEDS),N
,,PONSI SHOES INC,PONSI SHOES INC,13389 STATE ROUTE 30,,NORTH HUNTINGDON,PA,15642,,(724)864-2210,,Automatic External Defibrillators (AEDS),N
,,PHYSICAL THERAPY SERVICES INC,PUERTO RICO PROSTHETICS,ATENAS MEDICAL & SHOPPING CENTER,URB ATENAS SUITE 4 & 6,MANATI,PR,00674,,(787)854-5055,,Automatic External Defibrillators (AEDS),N
,,PHYSICAL THERAPY SERVICES INC,PUERTO RICO PROSTHETICS PHYSICAL TH,965 AVE AMERICO MIRANDA,,SAN JUAN,PR,00921,,(787)756-6868,,Automatic External Defibrillators (AEDS),N
,,ACADIA MEDICAL SUPPLY INC.,ACADIA MEDICAL SUPPLY INC,274 MAIN ST,,FORT FAIRFIELD,ME,04742,,(207)472-1234,,Automatic External Defibrillators (AEDS),N
,,ACADIA MEDICAL SUPPLY INC.,"ACADIA MEDICAL SUPPLY, INC",62 W MAIN ST,STE 105,FORT KENT,ME,04743,,(207)834-6789,,Automatic External Defibrillators (AEDS),N
,,ACADIA MEDICAL SUPPLY INC.,"ACADIA MEDICAL SUPPLY, INC",830 MAIN ST,STE B-1,PRESQUE ISLE,ME,04769,,(207)769-2100,,Automatic External Defibrillators (AEDS),N
,,ACADIA MEDICAL SUPPLY INC.,"ACADIA MEDICAL SUPPLY, INC",104 BANGOR ST,STE B,HOULTON,ME,04730,,(207)532-7100,,Automatic External Defibrillators (AEDS),N
,,CALIGOR RX INC.,CALIGOR PHARMACY,1226 LEXINGTON AVE,,NEW YORK,NY,10028,,(212)369-6000,,Automatic External Defibrillators (AEDS),N
,,REHABTECH SUPPLY CORPORATION,REHABTECH SUPPLY,655 W GRAND AVE,STE 100,ELMHURST,IL,60126,,(888)800-9445,,Automatic External Defibrillators (AEDS),N
,,HERON SURGICAL SUPPLY INC.,HERON SURGICAL SUPPLY CO. INC.,16830 89TH AVE,,JAMAICA,NY,11432,,(718)291-8788,,Automatic External Defibrillators (AEDS),N
,,PINE DRUG INC.,ALOHA PHARMACY,15611 BROOKHURST ST,,WESTMINSTER,CA,92683,,(714)839-1267,,Automatic External Defibrillators (AEDS),N
,,SEVENTH STREET MEDICAL SUPPLY INC,SEVENTH STREET MEDICAL SUPPLY INC,307 E PENNSYLVANIA BLVD,,FEASTERVILLE TREVOSE,PA,19053,,(215)396-2450,,Automatic External Defibrillators (AEDS),N
,,THOMAS PHARMACY GARDINER CENTER LLC,THOMAS PHARMACY GARDINER CENTER LLC,170 BEACON ST,,LAUREL,MS,39440,,(601)428-5977,,Automatic External Defibrillators (AEDS),N
,,PRECISION HEALTHCARE INC,"PRECISION HEALTHCARE, INC.",441 DONELSON PIKE,STE 395,NASHVILLE,TN,37214,,(615)367-1444,,Automatic External Defibrillators (AEDS),N
,,COONEY MEDICAL INC.,COONEY MEDICAL INC,633 SCRANTON CARBONDALE HWY,,EYNON,PA,18403,,(570)876-5252,,Automatic External Defibrillators (AEDS),N
,,AEROCARE HOME MEDICAL INC,"AEROCARE HOME MEDICAL, INC.",2210 MILL STREET SUITE E,,LUCEDALE,MS,39452,,(601)791-7177,,Automatic External Defibrillators (AEDS),N
,,MOBILITY MEDICAL INC,"MOBILITY MEDICAL, INC",554 PARK LANE,,FLOWOOD,MS,39232,,(601)932-1001,,Automatic External Defibrillators (AEDS),N
,,THEMEPARK MOBILITY INC,FLORIDA MOBILITY PRODUCTS,8451 S JOHN YOUNG PKWY,,ORLANDO,FL,32819,,(407)363-3535,,Automatic External Defibrillators (AEDS),N
,,COOK CHILDREN'S HOME HEALTH,COOK CHILDREN'S HOME HEALTH,1101 W VICKERY BLVD,,FORT WORTH,TX,76104,,(682)885-6294,,Automatic External Defibrillators (AEDS),N
,,COOK CHILDREN'S HOME HEALTH,COOK CHILDRENS HOME HEALTH,2225 WEST BRAKER LANE,BUIDLING 11,AUSTIN,TX,78758,,(512)832-6254,,Automatic External Defibrillators (AEDS),N
,,COOK CHILDREN'S HOME HEALTH,COOK CHILDREN'S HOME HEALTH,11911 STARCREST DR,,SAN ANTONIO,TX,78247,,(210)404-9420,,Automatic External Defibrillators (AEDS),N
,,ALL MEDICAL INC,ALL MEDICAL INC,1074 SUNSET BLVD,,WEST COLUMBIA,SC,29169,,(803)779-2011,,Automatic External Defibrillators (AEDS),N
,,ADVANCED MEDICAL EQUIPMENT INC,AME INC,9740 CONANT ST,STE 4,HAMTRAMCK,MI,48212,,(248)424-7395,,Automatic External Defibrillators (AEDS),N
,,PENNYRILE HOME MEDICAL,PENNYRILE HOME MEDICAL,217 BURLEY AVE,,HOPKINSVILLE,KY,42240,,(270)885-2500,,Automatic External Defibrillators (AEDS),N
,,"BIRMINGHAM MEDICAL ALLIANCE, INC.",280 MEDICAL SUPPLY,11600 OLD HIGHWAY 280,,CHELSEA,AL,35043,,(205)678-8755,,Automatic External Defibrillators (AEDS),N
,,PERFORMANCE EXCELLENCE CORPORATION,PERFORMANCE EXCELLENCE CORPORATION,12002 RICHMOND AVE,STE 700,HOUSTON,TX,77082,,(281)558-2273,,Automatic External Defibrillators (AEDS),N
,,JORDAN PHARMACY INC,JORDAN PHARMACY INC.,107 N RICE ST,,HAMILTON,TX,76531,,(254)386-3111,,Automatic External Defibrillators (AEDS),N
,,"JGS PHARMACIES, INC.",JGS PHARMACIES,1055 W COLLEGE AVE,,SANTA ROSA,CA,95401,,(707)575-1313,,Automatic External Defibrillators (AEDS),N
,,SUPERIOR MEDICAL EQUIPMENT INC,SUPERIOR MEDICAL EQUIPMENT INC,689 CASTLE DR,,CHARLESTON,IL,61920,,(217)345-4144,,Automatic External Defibrillators (AEDS),N
,,AXIS MEDICAL EQUIPMENT & SUPPLY LLC,AXIS MEDICAL EQUIPMENT & SUPPLY LLC,5550 LYNDON B JOHNSON FWY,STE 501,DALLAS,TX,75240,,(972)889-2947,,Automatic External Defibrillators (AEDS),N
,,BOCA MEDICAL SUPPLY LLC,BOCA MEDICAL SUPPLY LLC,620 GLADES RD,,BOCA RATON,FL,33431,,(561)368-7430,,Automatic External Defibrillators (AEDS),N
,,BOCA MEDICAL SUPPLY LLC,BOCA MEDICAL SUPPLY LLC,1307 W PALMETTO PARK RD,,BOCA RATON,FL,33486,,(561)368-7430,,Automatic External Defibrillators (AEDS),N
,,"ABC MEDICAL, LLC","ABC MEDICAL, LLC",6185 RIVERS AVE,STE F,NORTH CHARLESTON,SC,29406,,(843)767-0580,,Automatic External Defibrillators (AEDS),N
,,"ACCUCARE MEDICAL EQUIPMENT, LLC","ACCUCARE MEDICAL EQUIPMENT, LLC",1000 BUSINESS CENTER DR,STE 30,SAVANNAH,GA,31405,,(912)438-4920,,Automatic External Defibrillators (AEDS),N
,,PICKLED HERRING INC.,MEDICAL VILLAGE PHARMACY,517 LAUCHWOOD DR,,LAURINBURG,NC,28352,,(910)276-1154,,Automatic External Defibrillators (AEDS),N
,,J. C. HOME CARE INC,JC HOME MEDICAL,9309 OLD KINGS RD S,STE 4,JACKSONVILLE,FL,32257,,(904)448-9827,,Automatic External Defibrillators (AEDS),N
,,ATLANTIC HEALTHCARE PRODUCTS INC,ATLANTIC HEALTHCARE PRODUCTS,6782 FOREST HILL BLVD,,GREENACRES,FL,33413,,(561)964-6767,,Automatic External Defibrillators (AEDS),N
,,ATLANTIC HEALTHCARE PRODUCTS INC,ATLANTIC HEALTHCARE PRODUCTS,9832 S. MILITARY TRAIL G1,,BOYNTON BEACH,FL,33436,,(561)733-2331,,Automatic External Defibrillators (AEDS),N
,,"RESOURCE MEDICAL GROUP, LLC",RESOURCE MEDICAL GROUP LLC,110A AZTEC CT,,DUNCAN,SC,29334,,(864)968-2022,,Automatic External Defibrillators (AEDS),N
,,"RESOURCE MEDICAL GROUP, LLC","RESOURCE MEDICAL GROUP, LLC",1401 SAINT ANDREWS RD,STE 150,COLUMBIA,SC,29210,,(803)282-9700,,Automatic External Defibrillators (AEDS),N
,,ZOLL SERVICES LLC,ZOLL SERVICES LLC,121 GAMMA DR,,PITTSBURGH,PA,15238,,(412)968-3333,,Automatic External Defibrillators (AEDS),N
,,"CARE MEDICAL OF GAINESVILLE, LLC",CARE MEDICAL,428 S ENOTA DR NE,,GAINESVILLE,GA,30501,,(770)534-9944,,Automatic External Defibrillators (AEDS),N
,,HCC PHARMACY,HCC PHARMACY,402 S MAIN ST,,RAEFORD,NC,28376,,(910)875-4831,,Automatic External Defibrillators (AEDS),N
,,MED STAR MEDICAL SUPPLY LLC,MED STAR MEDICAL SUPPLY LLC,2915 ALPHA ST,,RIO GRANDE CITY,TX,78582,,(956)487-0472,,Automatic External Defibrillators (AEDS),N
,,FRESH AIR OXYGEN AND MEDICAL SUPPLY,FRESH AIR,1306 S WASHINGTON AVE,,MARSHALL,TX,75670,,(903)927-1135,,Automatic External Defibrillators (AEDS),N
,,ADVANTAGE HEALTHCARE INC.,ADVANTAGE HEALTHCARE INC,2280 SW 70TH AVE,STE 3,DAVIE,FL,33317,,(954)925-2880,,Automatic External Defibrillators (AEDS),N
,,AVSV PHARMACY INC.,AVSV PHARMACY INC./MORRIS HEIGHTS P,64 W BURNSIDE AVE,,BRONX,NY,10453,,(718)960-4370,,Automatic External Defibrillators (AEDS),N
,,ADVANCE SURGICAL INSTRUMENTS INC,ADVANCE SURGICAL INSTRUMENTS INC,2200 S MAIN ST,STE 103,LOMBARD,IL,60148,,(312)549-9903,,Automatic External Defibrillators (AEDS),N
,,ELITE WOUND CARE AND MEDICAL SUPPLIES,DEMAND MEDICAL SUPPLIES,2498 WASHINGTON RD,STE B,THOMSON,GA,30824,,(706)595-2200,,Automatic External Defibrillators (AEDS),N
,,ALL RX PHARMACY III,ALL RX PHARMACY III LLC,13314 41ST RD,STE 1F,FLUSHING,NY,11355,,(718)888-0580,,Automatic External Defibrillators (AEDS),N
,,"P-CARES MEDICAL SUPPLIES, LLC","P-CARES MEDICAL SUPPLIES, LLC",3476 RIVER RD,,FAYETTE,MS,39069,,(601)786-7077,,Automatic External Defibrillators (AEDS),N
,,"TRINITY HEALTHCARE OF WINSTON SALEM, INC.",TRINITY HEALTHCARE OF WINSTON-SALEM,572 PEACHTREE PKWY,STE 3,CUMMING,GA,30041,,(678)648-4845,,Automatic External Defibrillators (AEDS),N
,,"ADVANCE MEDICAL EQUIPMENT, INC.","ADVANCE MEDICAL EQUIPMENT, INC.",1930 S FAIRFIELD AVE,,CHICAGO,IL,60608,,(630)834-1508,,Automatic External Defibrillators (AEDS),N
,,BLACK BEAR MEDICAL NH INC,BLACK BEAR MEDICAL NH INC,10 ALDEN AVE,UNIT 10,GREENLAND,NH,03840,,(603)547-9053,,Automatic External Defibrillators (AEDS),N
,,CARE MEDICAL OF AUGUSTA LLC,CARE MEDICAL OF AUGUSTA LLC,1238 FENWICK ST,,AUGUSTA,GA,30901,,(706)854-7911,,Automatic External Defibrillators (AEDS),N
,,METROPOLITAN MEDICAL SUPPLIES LLC,METROPOLITAN MEDICAL SUPPLIES LLC,610 PROFESS